FRAME,REQ,RESP,SRC,DEST,TYPE,REQUEST,PORT,'DATA'
,,,,,,,,"    Interface id: 0 (unknown)"
,,,,,,,,"        Interface name: unknown"
1,,2,host,3.1.0,URB_SUBMIT ('S'),GET_STATUS (0x00),1,""
,,,,,,,,"    Interface id: 0 (unknown)"
,,,,,,,,"        Interface name: unknown"
,,,,,,,,"Port Status: 0x0101, PORT_CONNECTION, PORT_POWER"
,,,,,,,,"Port Change: 0x0001, C_PORT_CONNECTION"
2,1,,3.1.0,host,URB_COMPLETE ('C'),,,""
,,,,,,,,"0040  01 01 01 00                                       ...."
,,,,,,,,"    Interface id: 0 (unknown)"
,,,,,,,,"        Interface name: unknown"
3,,4,host,3.1.0,URB_SUBMIT ('S'),CLEAR_FEATURE (0x01),1,""
,,,,,,,,"    Interface id: 0 (unknown)"
,,,,,,,,"        Interface name: unknown"
4,3,,3.1.0,host,URB_COMPLETE ('C'),,,""
,,,,,,,,"    Interface id: 0 (unknown)"
,,,,,,,,"        Interface name: unknown"
5,,6,host,3.1.0,URB_SUBMIT ('S'),GET_STATUS (0x00),2,""
,,,,,,,,"    Interface id: 0 (unknown)"
,,,,,,,,"        Interface name: unknown"
,,,,,,,,"Port Status: 0x0100, PORT_POWER"
,,,,,,,,"Port Change: 0x0000"
6,5,,3.1.0,host,URB_COMPLETE ('C'),,,""
,,,,,,,,"0040  00 01 00 00                                       ...."
,,,,,,,,"    Interface id: 0 (unknown)"
,,,,,,,,"        Interface name: unknown"
7,,,host,3.1.1,URB_SUBMIT ('S'),,,""
,,,,,,,,"    Interface id: 0 (unknown)"
,,,,,,,,"        Interface name: unknown"
8,,9,host,3.1.0,URB_SUBMIT ('S'),GET_STATUS (0x00),1,""
,,,,,,,,"    Interface id: 0 (unknown)"
,,,,,,,,"        Interface name: unknown"
,,,,,,,,"Port Status: 0x0101, PORT_CONNECTION, PORT_POWER"
,,,,,,,,"Port Change: 0x0000"
9,8,,3.1.0,host,URB_COMPLETE ('C'),,,""
,,,,,,,,"0040  01 01 00 00                                       ...."
,,,,,,,,"    Interface id: 0 (unknown)"
,,,,,,,,"        Interface name: unknown"
10,,11,host,3.1.0,URB_SUBMIT ('S'),SET_FEATURE (0x03),1,""
,,,,,,,,"    Interface id: 0 (unknown)"
,,,,,,,,"        Interface name: unknown"
11,10,,3.1.0,host,URB_COMPLETE ('C'),,,""
,,,,,,,,"    Interface id: 0 (unknown)"
,,,,,,,,"        Interface name: unknown"
12,,13,host,3.1.0,URB_SUBMIT ('S'),GET_STATUS (0x00),1,""
,,,,,,,,"    Interface id: 0 (unknown)"
,,,,,,,,"        Interface name: unknown"
,,,,,,,,"Port Status: 0x0103, PORT_CONNECTION, PORT_ENABLE, PORT_POWER"
,,,,,,,,"Port Change: 0x0010, C_PORT_RESET"
13,12,,3.1.0,host,URB_COMPLETE ('C'),,,""
,,,,,,,,"0040  03 01 10 00                                       ...."
,,,,,,,,"    Interface id: 0 (unknown)"
,,,,,,,,"        Interface name: unknown"
14,,15,host,3.1.0,URB_SUBMIT ('S'),CLEAR_FEATURE (0x01),1,""
,,,,,,,,"    Interface id: 0 (unknown)"
,,,,,,,,"        Interface name: unknown"
15,14,,3.1.0,host,URB_COMPLETE ('C'),,,""
,,,,,,,,"    Interface id: 0 (unknown)"
,,,,,,,,"        Interface name: unknown"
16,,17,host,3.0.0,URB_SUBMIT ('S'),GET DESCRIPTOR (6),,""
,,,,,,,,"    Interface id: 0 (unknown)"
,,,,,,,,"        Interface name: unknown"
,,,,,,,,"DEVICE DESCRIPTOR"
,,,,,,,,"    bLength: 18"
,,,,,,,,"    bcdUSB: 0x0200"
,,,,,,,,"    bDeviceClass: Device (0x00)"
,,,,,,,,"    bDeviceSubClass: 0"
,,,,,,,,"    bDeviceProtocol: 0 (Use class code info from Interface Descriptors)"
,,,,,,,,"    bMaxPacketSize0: 64"
,,,,,,,,"    idVendor: Graphtec America, Inc. (0x0b4d)"
,,,,,,,,"    idProduct: Unknown (0x112f)"
,,,,,,,,"    bcdDevice: 0x0100"
,,,,,,,,"    iManufacturer: 0"
,,,,,,,,"    iProduct: 0"
,,,,,,,,"    iSerialNumber: 1"
,,,,,,,,"    bNumConfigurations: 1"
17,16,,3.0.0,host,URB_COMPLETE ('C'),,,""
,,,,,,,,"0040  12 01 00 02 00 00 00 40 4d 0b 2f 11 00 01 00 00   .......@M./....."
,,,,,,,,"0050  01 01                                             .."
,,,,,,,,"    Interface id: 0 (unknown)"
,,,,,,,,"        Interface name: unknown"
18,,19,host,3.1.0,URB_SUBMIT ('S'),SET_FEATURE (0x03),1,""
,,,,,,,,"    Interface id: 0 (unknown)"
,,,,,,,,"        Interface name: unknown"
19,18,,3.1.0,host,URB_COMPLETE ('C'),,,""
,,,,,,,,"    Interface id: 0 (unknown)"
,,,,,,,,"        Interface name: unknown"
20,,21,host,3.1.0,URB_SUBMIT ('S'),GET_STATUS (0x00),1,""
,,,,,,,,"    Interface id: 0 (unknown)"
,,,,,,,,"        Interface name: unknown"
,,,,,,,,"Port Status: 0x0103, PORT_CONNECTION, PORT_ENABLE, PORT_POWER"
,,,,,,,,"Port Change: 0x0010, C_PORT_RESET"
21,20,,3.1.0,host,URB_COMPLETE ('C'),,,""
,,,,,,,,"0040  03 01 10 00                                       ...."
,,,,,,,,"    Interface id: 0 (unknown)"
,,,,,,,,"        Interface name: unknown"
22,,23,host,3.1.0,URB_SUBMIT ('S'),CLEAR_FEATURE (0x01),1,""
,,,,,,,,"    Interface id: 0 (unknown)"
,,,,,,,,"        Interface name: unknown"
23,22,,3.1.0,host,URB_COMPLETE ('C'),,,""
,,,,,,,,"    Interface id: 0 (unknown)"
,,,,,,,,"        Interface name: unknown"
24,,25,host,3.4.0,URB_SUBMIT ('S'),GET DESCRIPTOR (6),,""
,,,,,,,,"    Interface id: 0 (unknown)"
,,,,,,,,"        Interface name: unknown"
,,,,,,,,"DEVICE DESCRIPTOR"
,,,,,,,,"    bLength: 18"
,,,,,,,,"    bcdUSB: 0x0200"
,,,,,,,,"    bDeviceClass: Device (0x00)"
,,,,,,,,"    bDeviceSubClass: 0"
,,,,,,,,"    bDeviceProtocol: 0 (Use class code info from Interface Descriptors)"
,,,,,,,,"    bMaxPacketSize0: 64"
,,,,,,,,"    idVendor: Graphtec America, Inc. (0x0b4d)"
,,,,,,,,"    idProduct: Unknown (0x112f)"
,,,,,,,,"    bcdDevice: 0x0100"
,,,,,,,,"    iManufacturer: 0"
,,,,,,,,"    iProduct: 0"
,,,,,,,,"    iSerialNumber: 1"
,,,,,,,,"    bNumConfigurations: 1"
25,24,,3.4.0,host,URB_COMPLETE ('C'),,,""
,,,,,,,,"0040  12 01 00 02 00 00 00 40 4d 0b 2f 11 00 01 00 00   .......@M./....."
,,,,,,,,"0050  01 01                                             .."
,,,,,,,,"    Interface id: 0 (unknown)"
,,,,,,,,"        Interface name: unknown"
26,,27,host,3.4.0,URB_SUBMIT ('S'),GET DESCRIPTOR (6),,""
,,,,,,,,"    Interface id: 0 (unknown)"
,,,,,,,,"        Interface name: unknown"
27,26,,3.4.0,host,URB_COMPLETE ('C'),,,""
,,,,,,,,"    Interface id: 0 (unknown)"
,,,,,,,,"        Interface name: unknown"
28,,29,host,3.4.0,URB_SUBMIT ('S'),GET DESCRIPTOR (6),,""
,,,,,,,,"    Interface id: 0 (unknown)"
,,,,,,,,"        Interface name: unknown"
29,28,,3.4.0,host,URB_COMPLETE ('C'),,,""
,,,,,,,,"    Interface id: 0 (unknown)"
,,,,,,,,"        Interface name: unknown"
30,,31,host,3.4.0,URB_SUBMIT ('S'),GET DESCRIPTOR (6),,""
,,,,,,,,"    Interface id: 0 (unknown)"
,,,,,,,,"        Interface name: unknown"
31,30,,3.4.0,host,URB_COMPLETE ('C'),,,""
,,,,,,,,"    Interface id: 0 (unknown)"
,,,,,,,,"        Interface name: unknown"
32,,33,host,3.4.0,URB_SUBMIT ('S'),GET DESCRIPTOR (6),,""
,,,,,,,,"    Interface id: 0 (unknown)"
,,,,,,,,"        Interface name: unknown"
,,,,,,,,"CONFIGURATION DESCRIPTOR"
,,,,,,,,"    bLength: 9"
,,,,,,,,"    wTotalLength: 32"
,,,,,,,,"    bNumInterfaces: 1"
,,,,,,,,"    bConfigurationValue: 1"
,,,,,,,,"    iConfiguration: 0"
,,,,,,,,"    Configuration bmAttributes: 0xc0  SELF-POWERED  NO REMOTE-WAKEUP"
,,,,,,,,"        1... .... = Must be 1: Must be 1 for USB 1.1 and higher"
,,,,,,,,"        .1.. .... = Self-Powered: This device is SELF-POWERED"
,,,,,,,,"        ..0. .... = Remote Wakeup: This device does NOT support remote wakeup"
,,,,,,,,"    bMaxPower: 50  (100mA)"
33,32,,3.4.0,host,URB_COMPLETE ('C'),,,""
,,,,,,,,"0040  09 02 20 00 01 01 00 c0 32                        .. .....2"
,,,,,,,,"    Interface id: 0 (unknown)"
,,,,,,,,"        Interface name: unknown"
34,,35,host,3.4.0,URB_SUBMIT ('S'),GET DESCRIPTOR (6),,""
,,,,,,,,"    Interface id: 0 (unknown)"
,,,,,,,,"        Interface name: unknown"
,,,,,,,,"CONFIGURATION DESCRIPTOR"
,,,,,,,,"    bLength: 9"
,,,,,,,,"    wTotalLength: 32"
,,,,,,,,"    bNumInterfaces: 1"
,,,,,,,,"    bConfigurationValue: 1"
,,,,,,,,"    iConfiguration: 0"
,,,,,,,,"    Configuration bmAttributes: 0xc0  SELF-POWERED  NO REMOTE-WAKEUP"
,,,,,,,,"        1... .... = Must be 1: Must be 1 for USB 1.1 and higher"
,,,,,,,,"        .1.. .... = Self-Powered: This device is SELF-POWERED"
,,,,,,,,"        ..0. .... = Remote Wakeup: This device does NOT support remote wakeup"
,,,,,,,,"    bMaxPower: 50  (100mA)"
,,,,,,,,"INTERFACE DESCRIPTOR (0.0): class Printer"
,,,,,,,,"    bLength: 9"
,,,,,,,,"    bInterfaceNumber: 0"
,,,,,,,,"    bAlternateSetting: 0"
,,,,,,,,"    bNumEndpoints: 2"
,,,,,,,,"    bInterfaceClass: Printer (0x07)"
,,,,,,,,"    bInterfaceSubClass: 0x01"
,,,,,,,,"    bInterfaceProtocol: 0x02"
,,,,,,,,"    iInterface: 0"
,,,,,,,,"ENDPOINT DESCRIPTOR"
,,,,,,,,"    bLength: 7"
,,,,,,,,"    bEndpointAddress: 0x01  OUT  Endpoint:1"
,,,,,,,,"        .... 0001 = Endpoint Number: 0x1"
,,,,,,,,"    bmAttributes: 0x02"
,,,,,,,,"        .... ..10 = Transfertype: Bulk-Transfer (0x2)"
,,,,,,,,"    wMaxPacketSize: 64"
,,,,,,,,"        .... ..00 0100 0000 = Maximum Packet Size: 64"
,,,,,,,,"    bInterval: 0"
,,,,,,,,"ENDPOINT DESCRIPTOR"
,,,,,,,,"    bLength: 7"
,,,,,,,,"    bEndpointAddress: 0x82  IN  Endpoint:2"
,,,,,,,,"        .... 0010 = Endpoint Number: 0x2"
,,,,,,,,"    bmAttributes: 0x02"
,,,,,,,,"        .... ..10 = Transfertype: Bulk-Transfer (0x2)"
,,,,,,,,"    wMaxPacketSize: 64"
,,,,,,,,"        .... ..00 0100 0000 = Maximum Packet Size: 64"
,,,,,,,,"    bInterval: 0"
35,34,,3.4.0,host,URB_COMPLETE ('C'),,,""
,,,,,,,,"0040  09 02 20 00 01 01 00 c0 32 09 04 00 00 02 07 01   .. .....2......."
,,,,,,,,"0050  02 00 07 05 01 02 40 00 00 07 05 82 02 40 00 00   ......@......@.."
,,,,,,,,"    Interface id: 0 (unknown)"
,,,,,,,,"        Interface name: unknown"
36,,37,host,3.4.0,URB_SUBMIT ('S'),GET DESCRIPTOR (6),,""
,,,,,,,,"    Interface id: 0 (unknown)"
,,,,,,,,"        Interface name: unknown"
,,,,,,,,"STRING DESCRIPTOR"
,,,,,,,,"    bLength: 4"
,,,,,,,,"    wLANGID: English (United States) (0x0409)"
37,36,,3.4.0,host,URB_COMPLETE ('C'),,,""
,,,,,,,,"0040  04 03 09 04                                       ...."
,,,,,,,,"    Interface id: 0 (unknown)"
,,,,,,,,"        Interface name: unknown"
38,,39,host,3.4.0,URB_SUBMIT ('S'),GET DESCRIPTOR (6),,""
,,,,,,,,"    Interface id: 0 (unknown)"
,,,,,,,,"        Interface name: unknown"
,,,,,,,,"STRING DESCRIPTOR"
,,,,,,,,"    bLength: 16"
,,,,,,,,"    bString: 39390"
39,38,,3.4.0,host,URB_COMPLETE ('C'),,,""
,,,,,,,,"0040  10 03 33 00 39 00 33 00 39 00 30 00 00 00 00 00   ..3.9.3.9.0....."
,,,,,,,,"    Interface id: 0 (unknown)"
,,,,,,,,"        Interface name: unknown"
,,,,,,,,"    bConfigurationValue: 1"
,,,,,,,,"    wIndex: 0 (0x0000)"
40,,41,host,3.4.0,URB_SUBMIT ('S'),SET CONFIGURATION (9),,""
,,,,,,,,"    Interface id: 0 (unknown)"
,,,,,,,,"        Interface name: unknown"
41,40,,3.4.0,host,URB_COMPLETE ('C'),,,""
,,,,,,,,"    Interface id: 0 (unknown)"
,,,,,,,,"        Interface name: unknown"
,,,,,,,,"    bAlternateSetting: 0"
,,,,,,,,"    wInterface: 0"
42,,43,host,3.4.0,URB_SUBMIT ('S'),SET INTERFACE (11),,""
,,,,,,,,"    Interface id: 0 (unknown)"
,,,,,,,,"        Interface name: unknown"
43,42,,3.4.0,host,URB_COMPLETE ('C'),,,""
,,,,,,,,"    Interface id: 0 (unknown)"
,,,,,,,,"        Interface name: unknown"
,,,,,,,,"    wValue: 0x0000"
,,,,,,,,"    wIndex: 0 (0x0000)"
44,,45,host,3.4.0,URB_SUBMIT ('S'),0,,""
,,,,,,,,"    Interface id: 0 (unknown)"
,,,,,,,,"        Interface name: unknown"
,,,,,,,,"CONTROL response data: 00554d414e5546414354555245523a53696c686f75657474..."
45,44,,3.4.0,host,URB_COMPLETE ('C'),,,""
,,,,,,,,"0040  00 55 4d 41 4e 55 46 41 43 54 55 52 45 52 3a 53   .UMANUFACTURER:S"
,,,,,,,,"0050  69 6c 68 6f 75 65 74 74 65 3b 4d 4f 44 45 4c 3a   ilhouette;MODEL:"
,,,,,,,,"0060  43 41 4d 45 4f 20 33 3b 43 4c 41 53 53 3a 50 52   CAMEO 3;CLASS:PR"
,,,,,,,,"0070  49 4e 54 45 52 3b 44 45 53 43 52 49 50 54 49 4f   INTER;DESCRIPTIO"
,,,,,,,,"0080  4e 3a 53 69 6c 68 6f 75 65 74 74 65 20 43 41 4d   N:Silhouette CAM"
,,,,,,,,"0090  45 4f 20 33 3b                                    EO 3;"
,,,,,,,,"    Interface id: 0 (unknown)"
,,,,,,,,"        Interface name: unknown"
46,,47,host,3.4.0,URB_SUBMIT ('S'),GET DESCRIPTOR (6),,""
,,,,,,,,"    Interface id: 0 (unknown)"
,,,,,,,,"        Interface name: unknown"
,,,,,,,,"DEVICE DESCRIPTOR"
,,,,,,,,"    bLength: 18"
,,,,,,,,"    bcdUSB: 0x0200"
,,,,,,,,"    bDeviceClass: Device (0x00)"
,,,,,,,,"    bDeviceSubClass: 0"
,,,,,,,,"    bDeviceProtocol: 0 (Use class code info from Interface Descriptors)"
,,,,,,,,"    bMaxPacketSize0: 64"
,,,,,,,,"    idVendor: Graphtec America, Inc. (0x0b4d)"
,,,,,,,,"    idProduct: Unknown (0x112f)"
,,,,,,,,"    bcdDevice: 0x0100"
,,,,,,,,"    iManufacturer: 0"
,,,,,,,,"    iProduct: 0"
,,,,,,,,"    iSerialNumber: 1"
,,,,,,,,"    bNumConfigurations: 1"
47,46,,3.4.0,host,URB_COMPLETE ('C'),,,""
,,,,,,,,"0040  12 01 00 02 00 00 00 40 4d 0b 2f 11 00 01 00 00   .......@M./....."
,,,,,,,,"0050  01 01                                             .."
,,,,,,,,"    Interface id: 0 (unknown)"
,,,,,,,,"        Interface name: unknown"
48,,49,host,3.4.0,URB_SUBMIT ('S'),GET DESCRIPTOR (6),,""
,,,,,,,,"    Interface id: 0 (unknown)"
,,,,,,,,"        Interface name: unknown"
,,,,,,,,"CONFIGURATION DESCRIPTOR"
,,,,,,,,"    bLength: 9"
,,,,,,,,"    wTotalLength: 32"
,,,,,,,,"    bNumInterfaces: 1"
,,,,,,,,"    bConfigurationValue: 1"
,,,,,,,,"    iConfiguration: 0"
,,,,,,,,"    Configuration bmAttributes: 0xc0  SELF-POWERED  NO REMOTE-WAKEUP"
,,,,,,,,"        1... .... = Must be 1: Must be 1 for USB 1.1 and higher"
,,,,,,,,"        .1.. .... = Self-Powered: This device is SELF-POWERED"
,,,,,,,,"        ..0. .... = Remote Wakeup: This device does NOT support remote wakeup"
,,,,,,,,"    bMaxPower: 50  (100mA)"
49,48,,3.4.0,host,URB_COMPLETE ('C'),,,""
,,,,,,,,"0040  09 02 20 00 01 01 00 c0 32                        .. .....2"
,,,,,,,,"    Interface id: 0 (unknown)"
,,,,,,,,"        Interface name: unknown"
50,,51,host,3.4.0,URB_SUBMIT ('S'),GET DESCRIPTOR (6),,""
,,,,,,,,"    Interface id: 0 (unknown)"
,,,,,,,,"        Interface name: unknown"
,,,,,,,,"CONFIGURATION DESCRIPTOR"
,,,,,,,,"    bLength: 9"
,,,,,,,,"    wTotalLength: 32"
,,,,,,,,"    bNumInterfaces: 1"
,,,,,,,,"    bConfigurationValue: 1"
,,,,,,,,"    iConfiguration: 0"
,,,,,,,,"    Configuration bmAttributes: 0xc0  SELF-POWERED  NO REMOTE-WAKEUP"
,,,,,,,,"        1... .... = Must be 1: Must be 1 for USB 1.1 and higher"
,,,,,,,,"        .1.. .... = Self-Powered: This device is SELF-POWERED"
,,,,,,,,"        ..0. .... = Remote Wakeup: This device does NOT support remote wakeup"
,,,,,,,,"    bMaxPower: 50  (100mA)"
,,,,,,,,"INTERFACE DESCRIPTOR (0.0): class Printer"
,,,,,,,,"    bLength: 9"
,,,,,,,,"    bInterfaceNumber: 0"
,,,,,,,,"    bAlternateSetting: 0"
,,,,,,,,"    bNumEndpoints: 2"
,,,,,,,,"    bInterfaceClass: Printer (0x07)"
,,,,,,,,"    bInterfaceSubClass: 0x01"
,,,,,,,,"    bInterfaceProtocol: 0x02"
,,,,,,,,"    iInterface: 0"
,,,,,,,,"ENDPOINT DESCRIPTOR"
,,,,,,,,"    bLength: 7"
,,,,,,,,"    bEndpointAddress: 0x01  OUT  Endpoint:1"
,,,,,,,,"        .... 0001 = Endpoint Number: 0x1"
,,,,,,,,"    bmAttributes: 0x02"
,,,,,,,,"        .... ..10 = Transfertype: Bulk-Transfer (0x2)"
,,,,,,,,"    wMaxPacketSize: 64"
,,,,,,,,"        .... ..00 0100 0000 = Maximum Packet Size: 64"
,,,,,,,,"    bInterval: 0"
,,,,,,,,"ENDPOINT DESCRIPTOR"
,,,,,,,,"    bLength: 7"
,,,,,,,,"    bEndpointAddress: 0x82  IN  Endpoint:2"
,,,,,,,,"        .... 0010 = Endpoint Number: 0x2"
,,,,,,,,"    bmAttributes: 0x02"
,,,,,,,,"        .... ..10 = Transfertype: Bulk-Transfer (0x2)"
,,,,,,,,"    wMaxPacketSize: 64"
,,,,,,,,"        .... ..00 0100 0000 = Maximum Packet Size: 64"
,,,,,,,,"    bInterval: 0"
51,50,,3.4.0,host,URB_COMPLETE ('C'),,,""
,,,,,,,,"0040  09 02 20 00 01 01 00 c0 32 09 04 00 00 02 07 01   .. .....2......."
,,,,,,,,"0050  02 00 07 05 01 02 40 00 00 07 05 82 02 40 00 00   ......@......@.."
,,,,,,,,"    Interface id: 0 (unknown)"
,,,,,,,,"        Interface name: unknown"
52,,53,host,3.4.0,URB_SUBMIT ('S'),GET DESCRIPTOR (6),,""
,,,,,,,,"    Interface id: 0 (unknown)"
,,,,,,,,"        Interface name: unknown"
,,,,,,,,"DEVICE DESCRIPTOR"
,,,,,,,,"    bLength: 18"
,,,,,,,,"    bcdUSB: 0x0200"
,,,,,,,,"    bDeviceClass: Device (0x00)"
,,,,,,,,"    bDeviceSubClass: 0"
,,,,,,,,"    bDeviceProtocol: 0 (Use class code info from Interface Descriptors)"
,,,,,,,,"    bMaxPacketSize0: 64"
,,,,,,,,"    idVendor: Graphtec America, Inc. (0x0b4d)"
,,,,,,,,"    idProduct: Unknown (0x112f)"
,,,,,,,,"    bcdDevice: 0x0100"
,,,,,,,,"    iManufacturer: 0"
,,,,,,,,"    iProduct: 0"
,,,,,,,,"    iSerialNumber: 1"
,,,,,,,,"    bNumConfigurations: 1"
53,52,,3.4.0,host,URB_COMPLETE ('C'),,,""
,,,,,,,,"0040  12 01 00 02 00 00 00 40 4d 0b 2f 11 00 01 00 00   .......@M./....."
,,,,,,,,"0050  01 01                                             .."
,,,,,,,,"    Interface id: 0 (unknown)"
,,,,,,,,"        Interface name: unknown"
54,,55,host,3.4.0,URB_SUBMIT ('S'),GET DESCRIPTOR (6),,""
,,,,,,,,"    Interface id: 0 (unknown)"
,,,,,,,,"        Interface name: unknown"
,,,,,,,,"DEVICE DESCRIPTOR"
,,,,,,,,"    bLength: 18"
,,,,,,,,"    bcdUSB: 0x0200"
,,,,,,,,"    bDeviceClass: Device (0x00)"
,,,,,,,,"    bDeviceSubClass: 0"
,,,,,,,,"    bDeviceProtocol: 0 (Use class code info from Interface Descriptors)"
,,,,,,,,"    bMaxPacketSize0: 64"
,,,,,,,,"    idVendor: Graphtec America, Inc. (0x0b4d)"
,,,,,,,,"    idProduct: Unknown (0x112f)"
,,,,,,,,"    bcdDevice: 0x0100"
,,,,,,,,"    iManufacturer: 0"
,,,,,,,,"    iProduct: 0"
,,,,,,,,"    iSerialNumber: 1"
,,,,,,,,"    bNumConfigurations: 1"
55,54,,3.4.0,host,URB_COMPLETE ('C'),,,""
,,,,,,,,"0040  12 01 00 02 00 00 00 40 4d 0b 2f 11 00 01 00 00   .......@M./....."
,,,,,,,,"0050  01 01                                             .."
,,,,,,,,"    Interface id: 0 (unknown)"
,,,,,,,,"        Interface name: unknown"
56,,57,host,3.4.0,URB_SUBMIT ('S'),GET DESCRIPTOR (6),,""
,,,,,,,,"    Interface id: 0 (unknown)"
,,,,,,,,"        Interface name: unknown"
,,,,,,,,"CONFIGURATION DESCRIPTOR"
,,,,,,,,"    bLength: 9"
,,,,,,,,"    wTotalLength: 32"
,,,,,,,,"    bNumInterfaces: 1"
,,,,,,,,"    bConfigurationValue: 1"
,,,,,,,,"    iConfiguration: 0"
,,,,,,,,"    Configuration bmAttributes: 0xc0  SELF-POWERED  NO REMOTE-WAKEUP"
,,,,,,,,"        1... .... = Must be 1: Must be 1 for USB 1.1 and higher"
,,,,,,,,"        .1.. .... = Self-Powered: This device is SELF-POWERED"
,,,,,,,,"        ..0. .... = Remote Wakeup: This device does NOT support remote wakeup"
,,,,,,,,"    bMaxPower: 50  (100mA)"
,,,,,,,,"INTERFACE DESCRIPTOR (0.0): class Printer"
,,,,,,,,"    bLength: 9"
,,,,,,,,"    bInterfaceNumber: 0"
,,,,,,,,"    bAlternateSetting: 0"
,,,,,,,,"    bNumEndpoints: 2"
,,,,,,,,"    bInterfaceClass: Printer (0x07)"
,,,,,,,,"    bInterfaceSubClass: 0x01"
,,,,,,,,"    bInterfaceProtocol: 0x02"
,,,,,,,,"    iInterface: 0"
,,,,,,,,"ENDPOINT DESCRIPTOR"
,,,,,,,,"    bLength: 7"
,,,,,,,,"    bEndpointAddress: 0x01  OUT  Endpoint:1"
,,,,,,,,"        .... 0001 = Endpoint Number: 0x1"
,,,,,,,,"    bmAttributes: 0x02"
,,,,,,,,"        .... ..10 = Transfertype: Bulk-Transfer (0x2)"
,,,,,,,,"    wMaxPacketSize: 64"
,,,,,,,,"        .... ..00 0100 0000 = Maximum Packet Size: 64"
,,,,,,,,"    bInterval: 0"
,,,,,,,,"ENDPOINT DESCRIPTOR"
,,,,,,,,"    bLength: 7"
,,,,,,,,"    bEndpointAddress: 0x82  IN  Endpoint:2"
,,,,,,,,"        .... 0010 = Endpoint Number: 0x2"
,,,,,,,,"    bmAttributes: 0x02"
,,,,,,,,"        .... ..10 = Transfertype: Bulk-Transfer (0x2)"
,,,,,,,,"    wMaxPacketSize: 64"
,,,,,,,,"        .... ..00 0100 0000 = Maximum Packet Size: 64"
,,,,,,,,"    bInterval: 0"
57,56,,3.4.0,host,URB_COMPLETE ('C'),,,""
,,,,,,,,"0040  09 02 20 00 01 01 00 c0 32 09 04 00 00 02 07 01   .. .....2......."
,,,,,,,,"0050  02 00 07 05 01 02 40 00 00 07 05 82 02 40 00 00   ......@......@.."
,,,,,,,,"    Interface id: 0 (unknown)"
,,,,,,,,"        Interface name: unknown"
58,,59,host,3.4.0,URB_SUBMIT ('S'),GET DESCRIPTOR (6),,""
,,,,,,,,"    Interface id: 0 (unknown)"
,,,,,,,,"        Interface name: unknown"
,,,,,,,,"STRING DESCRIPTOR"
,,,,,,,,"    bLength: 16"
,,,,,,,,"    bString: 39390"
59,58,,3.4.0,host,URB_COMPLETE ('C'),,,""
,,,,,,,,"0040  10 03 33 00 39 00 33 00 39 00 30 00 00 00 00 00   ..3.9.3.9.0....."
,,,,,,,,"    Interface id: 0 (unknown)"
,,,,,,,,"        Interface name: unknown"
60,,61,host,3.4.0,URB_SUBMIT ('S'),GET DESCRIPTOR (6),,""
,,,,,,,,"    Interface id: 0 (unknown)"
,,,,,,,,"        Interface name: unknown"
61,60,,3.4.0,host,URB_COMPLETE ('C'),,,""
,,,,,,,,"    Interface id: 0 (unknown)"
,,,,,,,,"        Interface name: unknown"
62,,63,host,3.4.0,URB_SUBMIT ('S'),GET DESCRIPTOR (6),,""
,,,,,,,,"    Interface id: 0 (unknown)"
,,,,,,,,"        Interface name: unknown"
,,,,,,,,"CONFIGURATION DESCRIPTOR"
,,,,,,,,"    bLength: 9"
,,,,,,,,"    wTotalLength: 32"
,,,,,,,,"    bNumInterfaces: 1"
,,,,,,,,"    bConfigurationValue: 1"
,,,,,,,,"    iConfiguration: 0"
,,,,,,,,"    Configuration bmAttributes: 0xc0  SELF-POWERED  NO REMOTE-WAKEUP"
,,,,,,,,"        1... .... = Must be 1: Must be 1 for USB 1.1 and higher"
,,,,,,,,"        .1.. .... = Self-Powered: This device is SELF-POWERED"
,,,,,,,,"        ..0. .... = Remote Wakeup: This device does NOT support remote wakeup"
,,,,,,,,"    bMaxPower: 50  (100mA)"
,,,,,,,,"INTERFACE DESCRIPTOR (0.0): class Printer"
,,,,,,,,"    bLength: 9"
,,,,,,,,"    bInterfaceNumber: 0"
,,,,,,,,"    bAlternateSetting: 0"
,,,,,,,,"    bNumEndpoints: 2"
,,,,,,,,"    bInterfaceClass: Printer (0x07)"
,,,,,,,,"    bInterfaceSubClass: 0x01"
,,,,,,,,"    bInterfaceProtocol: 0x02"
,,,,,,,,"    iInterface: 0"
,,,,,,,,"ENDPOINT DESCRIPTOR"
,,,,,,,,"    bLength: 7"
,,,,,,,,"    bEndpointAddress: 0x01  OUT  Endpoint:1"
,,,,,,,,"        .... 0001 = Endpoint Number: 0x1"
,,,,,,,,"    bmAttributes: 0x02"
,,,,,,,,"        .... ..10 = Transfertype: Bulk-Transfer (0x2)"
,,,,,,,,"    wMaxPacketSize: 64"
,,,,,,,,"        .... ..00 0100 0000 = Maximum Packet Size: 64"
,,,,,,,,"    bInterval: 0"
,,,,,,,,"ENDPOINT DESCRIPTOR"
,,,,,,,,"    bLength: 7"
,,,,,,,,"    bEndpointAddress: 0x82  IN  Endpoint:2"
,,,,,,,,"        .... 0010 = Endpoint Number: 0x2"
,,,,,,,,"    bmAttributes: 0x02"
,,,,,,,,"        .... ..10 = Transfertype: Bulk-Transfer (0x2)"
,,,,,,,,"    wMaxPacketSize: 64"
,,,,,,,,"        .... ..00 0100 0000 = Maximum Packet Size: 64"
,,,,,,,,"    bInterval: 0"
63,62,,3.4.0,host,URB_COMPLETE ('C'),,,""
,,,,,,,,"0040  09 02 20 00 01 01 00 c0 32 09 04 00 00 02 07 01   .. .....2......."
,,,,,,,,"0050  02 00 07 05 01 02 40 00 00 07 05 82 02 40 00 00   ......@......@.."
,,,,,,,,"    Interface id: 0 (unknown)"
,,,,,,,,"        Interface name: unknown"
64,,65,host,3.4.0,URB_SUBMIT ('S'),GET DESCRIPTOR (6),,""
,,,,,,,,"    Interface id: 0 (unknown)"
,,,,,,,,"        Interface name: unknown"
,,,,,,,,"DEVICE DESCRIPTOR"
,,,,,,,,"    bLength: 18"
,,,,,,,,"    bcdUSB: 0x0200"
,,,,,,,,"    bDeviceClass: Device (0x00)"
,,,,,,,,"    bDeviceSubClass: 0"
,,,,,,,,"    bDeviceProtocol: 0 (Use class code info from Interface Descriptors)"
,,,,,,,,"    bMaxPacketSize0: 64"
,,,,,,,,"    idVendor: Graphtec America, Inc. (0x0b4d)"
,,,,,,,,"    idProduct: Unknown (0x112f)"
,,,,,,,,"    bcdDevice: 0x0100"
,,,,,,,,"    iManufacturer: 0"
,,,,,,,,"    iProduct: 0"
,,,,,,,,"    iSerialNumber: 1"
,,,,,,,,"    bNumConfigurations: 1"
65,64,,3.4.0,host,URB_COMPLETE ('C'),,,""
,,,,,,,,"0040  12 01 00 02 00 00 00 40 4d 0b 2f 11 00 01 00 00   .......@M./....."
,,,,,,,,"0050  01 01                                             .."
,,,,,,,,"    Interface id: 0 (unknown)"
,,,,,,,,"        Interface name: unknown"
,,,,,,,,"    wValue: 0x0000"
,,,,,,,,"    wIndex: 0 (0x0000)"
66,,67,host,3.4.0,URB_SUBMIT ('S'),0,,""
,,,,,,,,"    Interface id: 0 (unknown)"
,,,,,,,,"        Interface name: unknown"
,,,,,,,,"CONTROL response data: 00554d414e5546414354555245523a53696c686f75657474..."
67,66,,3.4.0,host,URB_COMPLETE ('C'),,,""
,,,,,,,,"0040  00 55 4d 41 4e 55 46 41 43 54 55 52 45 52 3a 53   .UMANUFACTURER:S"
,,,,,,,,"0050  69 6c 68 6f 75 65 74 74 65 3b 4d 4f 44 45 4c 3a   ilhouette;MODEL:"
,,,,,,,,"0060  43 41 4d 45 4f 20 33 3b 43 4c 41 53 53 3a 50 52   CAMEO 3;CLASS:PR"
,,,,,,,,"0070  49 4e 54 45 52 3b 44 45 53 43 52 49 50 54 49 4f   INTER;DESCRIPTIO"
,,,,,,,,"0080  4e 3a 53 69 6c 68 6f 75 65 74 74 65 20 43 41 4d   N:Silhouette CAM"
,,,,,,,,"0090  45 4f 20 33 3b                                    EO 3;"
,,,,,,,,"    Interface id: 0 (unknown)"
,,,,,,,,"        Interface name: unknown"
68,,71,host,3.4.2,URB_SUBMIT ('S'),,,""
,,,,,,,,"    Interface id: 0 (unknown)"
,,,,,,,,"        Interface name: unknown"
69,,70,host,3.4.1,URB_SUBMIT ('S'),,,"1b05"
,,,,,,,,"0040  1b 05                                             .."
,,,,,,,,"    Interface id: 0 (unknown)"
,,,,,,,,"        Interface name: unknown"
70,69,,3.4.1,host,URB_COMPLETE ('C'),,,""
,,,,,,,,"    Interface id: 0 (unknown)"
,,,,,,,,"        Interface name: unknown"
71,68,,3.4.2,host,URB_COMPLETE ('C'),,,"3003"
,,,,,,,,"0040  30 03                                             0."
,,,,,,,,"    Interface id: 0 (unknown)"
,,,,,,,,"        Interface name: unknown"
72,,73,host,3.4.1,URB_SUBMIT ('S'),,,"1b05"
,,,,,,,,"0040  1b 05                                             .."
,,,,,,,,"    Interface id: 0 (unknown)"
,,,,,,,,"        Interface name: unknown"
73,72,,3.4.1,host,URB_COMPLETE ('C'),,,""
,,,,,,,,"    Interface id: 0 (unknown)"
,,,,,,,,"        Interface name: unknown"
74,,75,host,3.4.2,URB_SUBMIT ('S'),,,""
,,,,,,,,"    Interface id: 0 (unknown)"
,,,,,,,,"        Interface name: unknown"
75,74,,3.4.2,host,URB_COMPLETE ('C'),,,"3003"
,,,,,,,,"0040  30 03                                             0."
,,,,,,,,"    Interface id: 0 (unknown)"
,,,,,,,,"        Interface name: unknown"
76,,77,host,3.4.1,URB_SUBMIT ('S'),,,"464703"
,,,,,,,,"0040  46 47 03                                          FG."
,,,,,,,,"    Interface id: 0 (unknown)"
,,,,,,,,"        Interface name: unknown"
77,76,,3.4.1,host,URB_COMPLETE ('C'),,,""
,,,,,,,,"    Interface id: 0 (unknown)"
,,,,,,,,"        Interface name: unknown"
78,,79,host,3.4.2,URB_SUBMIT ('S'),,,""
,,,,,,,,"    Interface id: 0 (unknown)"
,,,,,,,,"        Interface name: unknown"
79,78,,3.4.2,host,URB_COMPLETE ('C'),,,"43414d454f20332056312e35302020202003"
,,,,,,,,"0040  43 41 4d 45 4f 20 33 20 56 31 2e 35 30 20 20 20   CAMEO 3 V1.50   "
,,,,,,,,"0050  20 03                                              ."
,,,,,,,,"    Interface id: 0 (unknown)"
,,,,,,,,"        Interface name: unknown"
80,,81,host,3.4.1,URB_SUBMIT ('S'),,,"464703"
,,,,,,,,"0040  46 47 03                                          FG."
,,,,,,,,"    Interface id: 0 (unknown)"
,,,,,,,,"        Interface name: unknown"
81,80,,3.4.1,host,URB_COMPLETE ('C'),,,""
,,,,,,,,"    Interface id: 0 (unknown)"
,,,,,,,,"        Interface name: unknown"
82,,83,host,3.4.2,URB_SUBMIT ('S'),,,""
,,,,,,,,"    Interface id: 0 (unknown)"
,,,,,,,,"        Interface name: unknown"
83,82,,3.4.2,host,URB_COMPLETE ('C'),,,"43414d454f20332056312e35302020202003"
,,,,,,,,"0040  43 41 4d 45 4f 20 33 20 56 31 2e 35 30 20 20 20   CAMEO 3 V1.50   "
,,,,,,,,"0050  20 03                                              ."
,,,,,,,,"    Interface id: 0 (unknown)"
,,,,,,,,"        Interface name: unknown"
84,,85,host,3.4.1,URB_SUBMIT ('S'),,,"1b05"
,,,,,,,,"0040  1b 05                                             .."
,,,,,,,,"    Interface id: 0 (unknown)"
,,,,,,,,"        Interface name: unknown"
85,84,,3.4.1,host,URB_COMPLETE ('C'),,,""
,,,,,,,,"    Interface id: 0 (unknown)"
,,,,,,,,"        Interface name: unknown"
86,,87,host,3.4.2,URB_SUBMIT ('S'),,,""
,,,,,,,,"    Interface id: 0 (unknown)"
,,,,,,,,"        Interface name: unknown"
87,86,,3.4.2,host,URB_COMPLETE ('C'),,,"3003"
,,,,,,,,"0040  30 03                                             0."
,,,,,,,,"    Interface id: 0 (unknown)"
,,,,,,,,"        Interface name: unknown"
88,,89,host,3.4.1,URB_SUBMIT ('S'),,,"1b05"
,,,,,,,,"0040  1b 05                                             .."
,,,,,,,,"    Interface id: 0 (unknown)"
,,,,,,,,"        Interface name: unknown"
89,88,,3.4.1,host,URB_COMPLETE ('C'),,,""
,,,,,,,,"    Interface id: 0 (unknown)"
,,,,,,,,"        Interface name: unknown"
90,,91,host,3.4.2,URB_SUBMIT ('S'),,,""
,,,,,,,,"    Interface id: 0 (unknown)"
,,,,,,,,"        Interface name: unknown"
91,90,,3.4.2,host,URB_COMPLETE ('C'),,,"3003"
,,,,,,,,"0040  30 03                                             0."
,,,,,,,,"    Interface id: 0 (unknown)"
,,,,,,,,"        Interface name: unknown"
92,,93,host,3.4.1,URB_SUBMIT ('S'),,,"5b03"
,,,,,,,,"0040  5b 03                                             [."
,,,,,,,,"    Interface id: 0 (unknown)"
,,,,,,,,"        Interface name: unknown"
93,92,,3.4.1,host,URB_COMPLETE ('C'),,,""
,,,,,,,,"    Interface id: 0 (unknown)"
,,,,,,,,"        Interface name: unknown"
94,,95,host,3.4.2,URB_SUBMIT ('S'),,,""
,,,,,,,,"    Interface id: 0 (unknown)"
,,,,,,,,"        Interface name: unknown"
95,94,,3.4.2,host,URB_COMPLETE ('C'),,,"2020202020302c20202020203003"
,,,,,,,,"0040  20 20 20 20 20 30 2c 20 20 20 20 20 30 03              0,     0."
,,,,,,,,"    Interface id: 0 (unknown)"
,,,,,,,,"        Interface name: unknown"
96,,97,host,3.4.1,URB_SUBMIT ('S'),,,"5503"
,,,,,,,,"0040  55 03                                             U."
,,,,,,,,"    Interface id: 0 (unknown)"
,,,,,,,,"        Interface name: unknown"
97,96,,3.4.1,host,URB_COMPLETE ('C'),,,""
,,,,,,,,"    Interface id: 0 (unknown)"
,,,,,,,,"        Interface name: unknown"
98,,99,host,3.4.2,URB_SUBMIT ('S'),,,""
,,,,,,,,"    Interface id: 0 (unknown)"
,,,,,,,,"        Interface name: unknown"
99,98,,3.4.2,host,URB_COMPLETE ('C'),,,"2031323230302c20203631303003"
,,,,,,,,"0040  20 31 32 32 30 30 2c 20 20 36 31 30 30 03          12200,  6100."
,,,,,,,,"    Interface id: 0 (unknown)"
,,,,,,,,"        Interface name: unknown"
100,,101,host,3.4.1,URB_SUBMIT ('S'),,,"46513003"
,,,,,,,,"0040  46 51 30 03                                       FQ0."
,,,,,,,,"    Interface id: 0 (unknown)"
,,,,,,,,"        Interface name: unknown"
101,100,,3.4.1,host,URB_COMPLETE ('C'),,,""
,,,,,,,,"    Interface id: 0 (unknown)"
,,,,,,,,"        Interface name: unknown"
102,,103,host,3.4.2,URB_SUBMIT ('S'),,,""
,,,,,,,,"    Interface id: 0 (unknown)"
,,,,,,,,"        Interface name: unknown"
103,102,,3.4.2,host,URB_COMPLETE ('C'),,,"202020313003"
,,,,,,,,"0040  20 20 20 31 30 03                                    10."
,,,,,,,,"    Interface id: 0 (unknown)"
,,,,,,,,"        Interface name: unknown"
104,,105,host,3.4.1,URB_SUBMIT ('S'),,,"46513203"
,,,,,,,,"0040  46 51 32 03                                       FQ2."
,,,,,,,,"    Interface id: 0 (unknown)"
,,,,,,,,"        Interface name: unknown"
105,104,,3.4.1,host,URB_COMPLETE ('C'),,,""
,,,,,,,,"    Interface id: 0 (unknown)"
,,,,,,,,"        Interface name: unknown"
106,,107,host,3.4.2,URB_SUBMIT ('S'),,,""
,,,,,,,,"    Interface id: 0 (unknown)"
,,,,,,,,"        Interface name: unknown"
107,106,,3.4.2,host,URB_COMPLETE ('C'),,,"202020203003"
,,,,,,,,"0040  20 20 20 20 30 03                                     0."
,,,,,,,,"    Interface id: 0 (unknown)"
,,,,,,,,"        Interface name: unknown"
108,,109,host,3.4.1,URB_SUBMIT ('S'),,,"5442373103"
,,,,,,,,"0040  54 42 37 31 03                                    TB71."
,,,,,,,,"    Interface id: 0 (unknown)"
,,,,,,,,"        Interface name: unknown"
109,108,,3.4.1,host,URB_COMPLETE ('C'),,,""
,,,,,,,,"    Interface id: 0 (unknown)"
,,,,,,,,"        Interface name: unknown"
110,,111,host,3.4.2,URB_SUBMIT ('S'),,,""
,,,,,,,,"    Interface id: 0 (unknown)"
,,,,,,,,"        Interface name: unknown"
111,110,,3.4.2,host,URB_COMPLETE ('C'),,,"20202020302c202020203003"
,,,,,,,,"0040  20 20 20 20 30 2c 20 20 20 20 30 03                   0,    0."
,,,,,,,,"    Interface id: 0 (unknown)"
,,,,,,,,"        Interface name: unknown"
112,,113,host,3.4.1,URB_SUBMIT ('S'),,,"464103"
,,,,,,,,"0040  46 41 03                                          FA."
,,,,,,,,"    Interface id: 0 (unknown)"
,,,,,,,,"        Interface name: unknown"
113,112,,3.4.1,host,URB_COMPLETE ('C'),,,""
,,,,,,,,"    Interface id: 0 (unknown)"
,,,,,,,,"        Interface name: unknown"
114,,115,host,3.4.2,URB_SUBMIT ('S'),,,""
,,,,,,,,"    Interface id: 0 (unknown)"
,,,,,,,,"        Interface name: unknown"
115,114,,3.4.2,host,URB_COMPLETE ('C'),,,"20202020302c202020203003"
,,,,,,,,"0040  20 20 20 20 30 2c 20 20 20 20 30 03                   0,    0."
,,,,,,,,"    Interface id: 0 (unknown)"
,,,,,,,,"        Interface name: unknown"
116,,118,host,3.4.1,URB_SUBMIT ('S'),,,"1b05"
,,,,,,,,"0040  1b 05                                             .."
,,,,,,,,"    Interface id: 0 (unknown)"
,,,,,,,,"        Interface name: unknown"
117,,119,host,3.4.2,URB_SUBMIT ('S'),,,""
,,,,,,,,"    Interface id: 0 (unknown)"
,,,,,,,,"        Interface name: unknown"
118,116,,3.4.1,host,URB_COMPLETE ('C'),,,""
,,,,,,,,"    Interface id: 0 (unknown)"
,,,,,,,,"        Interface name: unknown"
119,117,,3.4.2,host,URB_COMPLETE ('C'),,,"3003"
,,,,,,,,"0040  30 03                                             0."
,,,,,,,,"    Interface id: 0 (unknown)"
,,,,,,,,"        Interface name: unknown"
120,,123,host,3.4.2,URB_SUBMIT ('S'),,,""
,,,,,,,,"    Interface id: 0 (unknown)"
,,,,,,,,"        Interface name: unknown"
121,,122,host,3.4.1,URB_SUBMIT ('S'),,,"1b05"
,,,,,,,,"0040  1b 05                                             .."
,,,,,,,,"    Interface id: 0 (unknown)"
,,,,,,,,"        Interface name: unknown"
122,121,,3.4.1,host,URB_COMPLETE ('C'),,,""
,,,,,,,,"    Interface id: 0 (unknown)"
,,,,,,,,"        Interface name: unknown"
123,120,,3.4.2,host,URB_COMPLETE ('C'),,,"3003"
,,,,,,,,"0040  30 03                                             0."
,,,,,,,,"    Interface id: 0 (unknown)"
,,,,,,,,"        Interface name: unknown"
124,,127,host,3.4.2,URB_SUBMIT ('S'),,,""
,,,,,,,,"    Interface id: 0 (unknown)"
,,,,,,,,"        Interface name: unknown"
125,,126,host,3.4.1,URB_SUBMIT ('S'),,,"1b05"
,,,,,,,,"0040  1b 05                                             .."
,,,,,,,,"    Interface id: 0 (unknown)"
,,,,,,,,"        Interface name: unknown"
126,125,,3.4.1,host,URB_COMPLETE ('C'),,,""
,,,,,,,,"    Interface id: 0 (unknown)"
,,,,,,,,"        Interface name: unknown"
127,124,,3.4.2,host,URB_COMPLETE ('C'),,,"3003"
,,,,,,,,"0040  30 03                                             0."
,,,,,,,,"    Interface id: 0 (unknown)"
,,,,,,,,"        Interface name: unknown"
128,,131,host,3.4.2,URB_SUBMIT ('S'),,,""
,,,,,,,,"    Interface id: 0 (unknown)"
,,,,,,,,"        Interface name: unknown"
129,,130,host,3.4.1,URB_SUBMIT ('S'),,,"1b05"
,,,,,,,,"0040  1b 05                                             .."
,,,,,,,,"    Interface id: 0 (unknown)"
,,,,,,,,"        Interface name: unknown"
130,129,,3.4.1,host,URB_COMPLETE ('C'),,,""
,,,,,,,,"    Interface id: 0 (unknown)"
,,,,,,,,"        Interface name: unknown"
131,128,,3.4.2,host,URB_COMPLETE ('C'),,,"3003"
,,,,,,,,"0040  30 03                                             0."
,,,,,,,,"    Interface id: 0 (unknown)"
,,,,,,,,"        Interface name: unknown"
132,,135,host,3.4.2,URB_SUBMIT ('S'),,,""
,,,,,,,,"    Interface id: 0 (unknown)"
,,,,,,,,"        Interface name: unknown"
133,,134,host,3.4.1,URB_SUBMIT ('S'),,,"1b05"
,,,,,,,,"0040  1b 05                                             .."
,,,,,,,,"    Interface id: 0 (unknown)"
,,,,,,,,"        Interface name: unknown"
134,133,,3.4.1,host,URB_COMPLETE ('C'),,,""
,,,,,,,,"    Interface id: 0 (unknown)"
,,,,,,,,"        Interface name: unknown"
135,132,,3.4.2,host,URB_COMPLETE ('C'),,,"3003"
,,,,,,,,"0040  30 03                                             0."
,,,,,,,,"    Interface id: 0 (unknown)"
,,,,,,,,"        Interface name: unknown"
136,,139,host,3.4.2,URB_SUBMIT ('S'),,,""
,,,,,,,,"    Interface id: 0 (unknown)"
,,,,,,,,"        Interface name: unknown"
137,,138,host,3.4.1,URB_SUBMIT ('S'),,,"1b05"
,,,,,,,,"0040  1b 05                                             .."
,,,,,,,,"    Interface id: 0 (unknown)"
,,,,,,,,"        Interface name: unknown"
138,137,,3.4.1,host,URB_COMPLETE ('C'),,,""
,,,,,,,,"    Interface id: 0 (unknown)"
,,,,,,,,"        Interface name: unknown"
139,136,,3.4.2,host,URB_COMPLETE ('C'),,,"3003"
,,,,,,,,"0040  30 03                                             0."
,,,,,,,,"    Interface id: 0 (unknown)"
,,,,,,,,"        Interface name: unknown"
140,,143,host,3.4.2,URB_SUBMIT ('S'),,,""
,,,,,,,,"    Interface id: 0 (unknown)"
,,,,,,,,"        Interface name: unknown"
141,,142,host,3.4.1,URB_SUBMIT ('S'),,,"1b05"
,,,,,,,,"0040  1b 05                                             .."
,,,,,,,,"    Interface id: 0 (unknown)"
,,,,,,,,"        Interface name: unknown"
142,141,,3.4.1,host,URB_COMPLETE ('C'),,,""
,,,,,,,,"    Interface id: 0 (unknown)"
,,,,,,,,"        Interface name: unknown"
143,140,,3.4.2,host,URB_COMPLETE ('C'),,,"3003"
,,,,,,,,"0040  30 03                                             0."
,,,,,,,,"    Interface id: 0 (unknown)"
,,,,,,,,"        Interface name: unknown"
144,,147,host,3.4.2,URB_SUBMIT ('S'),,,""
,,,,,,,,"    Interface id: 0 (unknown)"
,,,,,,,,"        Interface name: unknown"
145,,146,host,3.4.1,URB_SUBMIT ('S'),,,"1b05"
,,,,,,,,"0040  1b 05                                             .."
,,,,,,,,"    Interface id: 0 (unknown)"
,,,,,,,,"        Interface name: unknown"
146,145,,3.4.1,host,URB_COMPLETE ('C'),,,""
,,,,,,,,"    Interface id: 0 (unknown)"
,,,,,,,,"        Interface name: unknown"
147,144,,3.4.2,host,URB_COMPLETE ('C'),,,"3003"
,,,,,,,,"0040  30 03                                             0."
,,,,,,,,"    Interface id: 0 (unknown)"
,,,,,,,,"        Interface name: unknown"
148,,151,host,3.4.2,URB_SUBMIT ('S'),,,""
,,,,,,,,"    Interface id: 0 (unknown)"
,,,,,,,,"        Interface name: unknown"
149,,150,host,3.4.1,URB_SUBMIT ('S'),,,"1b05"
,,,,,,,,"0040  1b 05                                             .."
,,,,,,,,"    Interface id: 0 (unknown)"
,,,,,,,,"        Interface name: unknown"
150,149,,3.4.1,host,URB_COMPLETE ('C'),,,""
,,,,,,,,"    Interface id: 0 (unknown)"
,,,,,,,,"        Interface name: unknown"
151,148,,3.4.2,host,URB_COMPLETE ('C'),,,"3003"
,,,,,,,,"0040  30 03                                             0."
,,,,,,,,"    Interface id: 0 (unknown)"
,,,,,,,,"        Interface name: unknown"
152,,155,host,3.4.2,URB_SUBMIT ('S'),,,""
,,,,,,,,"    Interface id: 0 (unknown)"
,,,,,,,,"        Interface name: unknown"
153,,154,host,3.4.1,URB_SUBMIT ('S'),,,"1b05"
,,,,,,,,"0040  1b 05                                             .."
,,,,,,,,"    Interface id: 0 (unknown)"
,,,,,,,,"        Interface name: unknown"
154,153,,3.4.1,host,URB_COMPLETE ('C'),,,""
,,,,,,,,"    Interface id: 0 (unknown)"
,,,,,,,,"        Interface name: unknown"
155,152,,3.4.2,host,URB_COMPLETE ('C'),,,"3003"
,,,,,,,,"0040  30 03                                             0."
,,,,,,,,"    Interface id: 0 (unknown)"
,,,,,,,,"        Interface name: unknown"
156,,159,host,3.4.2,URB_SUBMIT ('S'),,,""
,,,,,,,,"    Interface id: 0 (unknown)"
,,,,,,,,"        Interface name: unknown"
157,,158,host,3.4.1,URB_SUBMIT ('S'),,,"1b05"
,,,,,,,,"0040  1b 05                                             .."
,,,,,,,,"    Interface id: 0 (unknown)"
,,,,,,,,"        Interface name: unknown"
158,157,,3.4.1,host,URB_COMPLETE ('C'),,,""
,,,,,,,,"    Interface id: 0 (unknown)"
,,,,,,,,"        Interface name: unknown"
159,156,,3.4.2,host,URB_COMPLETE ('C'),,,"3003"
,,,,,,,,"0040  30 03                                             0."
,,,,,,,,"    Interface id: 0 (unknown)"
,,,,,,,,"        Interface name: unknown"
160,,163,host,3.4.2,URB_SUBMIT ('S'),,,""
,,,,,,,,"    Interface id: 0 (unknown)"
,,,,,,,,"        Interface name: unknown"
161,,162,host,3.4.1,URB_SUBMIT ('S'),,,"1b05"
,,,,,,,,"0040  1b 05                                             .."
,,,,,,,,"    Interface id: 0 (unknown)"
,,,,,,,,"        Interface name: unknown"
162,161,,3.4.1,host,URB_COMPLETE ('C'),,,""
,,,,,,,,"    Interface id: 0 (unknown)"
,,,,,,,,"        Interface name: unknown"
163,160,,3.4.2,host,URB_COMPLETE ('C'),,,"3003"
,,,,,,,,"0040  30 03                                             0."
,,,,,,,,"    Interface id: 0 (unknown)"
,,,,,,,,"        Interface name: unknown"
164,,167,host,3.4.2,URB_SUBMIT ('S'),,,""
,,,,,,,,"    Interface id: 0 (unknown)"
,,,,,,,,"        Interface name: unknown"
165,,166,host,3.4.1,URB_SUBMIT ('S'),,,"1b05"
,,,,,,,,"0040  1b 05                                             .."
,,,,,,,,"    Interface id: 0 (unknown)"
,,,,,,,,"        Interface name: unknown"
166,165,,3.4.1,host,URB_COMPLETE ('C'),,,""
,,,,,,,,"    Interface id: 0 (unknown)"
,,,,,,,,"        Interface name: unknown"
167,164,,3.4.2,host,URB_COMPLETE ('C'),,,"3003"
,,,,,,,,"0040  30 03                                             0."
,,,,,,,,"    Interface id: 0 (unknown)"
,,,,,,,,"        Interface name: unknown"
168,,171,host,3.4.2,URB_SUBMIT ('S'),,,""
,,,,,,,,"    Interface id: 0 (unknown)"
,,,,,,,,"        Interface name: unknown"
169,,170,host,3.4.1,URB_SUBMIT ('S'),,,"1b05"
,,,,,,,,"0040  1b 05                                             .."
,,,,,,,,"    Interface id: 0 (unknown)"
,,,,,,,,"        Interface name: unknown"
170,169,,3.4.1,host,URB_COMPLETE ('C'),,,""
,,,,,,,,"    Interface id: 0 (unknown)"
,,,,,,,,"        Interface name: unknown"
171,168,,3.4.2,host,URB_COMPLETE ('C'),,,"3003"
,,,,,,,,"0040  30 03                                             0."
,,,,,,,,"    Interface id: 0 (unknown)"
,,,,,,,,"        Interface name: unknown"
172,,175,host,3.4.2,URB_SUBMIT ('S'),,,""
,,,,,,,,"    Interface id: 0 (unknown)"
,,,,,,,,"        Interface name: unknown"
173,,174,host,3.4.1,URB_SUBMIT ('S'),,,"1b05"
,,,,,,,,"0040  1b 05                                             .."
,,,,,,,,"    Interface id: 0 (unknown)"
,,,,,,,,"        Interface name: unknown"
174,173,,3.4.1,host,URB_COMPLETE ('C'),,,""
,,,,,,,,"    Interface id: 0 (unknown)"
,,,,,,,,"        Interface name: unknown"
175,172,,3.4.2,host,URB_COMPLETE ('C'),,,"3003"
,,,,,,,,"0040  30 03                                             0."
,,,,,,,,"    Interface id: 0 (unknown)"
,,,,,,,,"        Interface name: unknown"
176,,179,host,3.4.2,URB_SUBMIT ('S'),,,""
,,,,,,,,"    Interface id: 0 (unknown)"
,,,,,,,,"        Interface name: unknown"
177,,178,host,3.4.1,URB_SUBMIT ('S'),,,"1b05"
,,,,,,,,"0040  1b 05                                             .."
,,,,,,,,"    Interface id: 0 (unknown)"
,,,,,,,,"        Interface name: unknown"
178,177,,3.4.1,host,URB_COMPLETE ('C'),,,""
,,,,,,,,"    Interface id: 0 (unknown)"
,,,,,,,,"        Interface name: unknown"
179,176,,3.4.2,host,URB_COMPLETE ('C'),,,"3003"
,,,,,,,,"0040  30 03                                             0."
,,,,,,,,"    Interface id: 0 (unknown)"
,,,,,,,,"        Interface name: unknown"
180,,183,host,3.4.2,URB_SUBMIT ('S'),,,""
,,,,,,,,"    Interface id: 0 (unknown)"
,,,,,,,,"        Interface name: unknown"
181,,182,host,3.4.1,URB_SUBMIT ('S'),,,"1b05"
,,,,,,,,"0040  1b 05                                             .."
,,,,,,,,"    Interface id: 0 (unknown)"
,,,,,,,,"        Interface name: unknown"
182,181,,3.4.1,host,URB_COMPLETE ('C'),,,""
,,,,,,,,"    Interface id: 0 (unknown)"
,,,,,,,,"        Interface name: unknown"
183,180,,3.4.2,host,URB_COMPLETE ('C'),,,"3003"
,,,,,,,,"0040  30 03                                             0."
,,,,,,,,"    Interface id: 0 (unknown)"
,,,,,,,,"        Interface name: unknown"
184,,187,host,3.4.2,URB_SUBMIT ('S'),,,""
,,,,,,,,"    Interface id: 0 (unknown)"
,,,,,,,,"        Interface name: unknown"
185,,186,host,3.4.1,URB_SUBMIT ('S'),,,"1b05"
,,,,,,,,"0040  1b 05                                             .."
,,,,,,,,"    Interface id: 0 (unknown)"
,,,,,,,,"        Interface name: unknown"
186,185,,3.4.1,host,URB_COMPLETE ('C'),,,""
,,,,,,,,"    Interface id: 0 (unknown)"
,,,,,,,,"        Interface name: unknown"
187,184,,3.4.2,host,URB_COMPLETE ('C'),,,"3003"
,,,,,,,,"0040  30 03                                             0."
,,,,,,,,"    Interface id: 0 (unknown)"
,,,,,,,,"        Interface name: unknown"
188,,191,host,3.4.2,URB_SUBMIT ('S'),,,""
,,,,,,,,"    Interface id: 0 (unknown)"
,,,,,,,,"        Interface name: unknown"
189,,190,host,3.4.1,URB_SUBMIT ('S'),,,"1b05"
,,,,,,,,"0040  1b 05                                             .."
,,,,,,,,"    Interface id: 0 (unknown)"
,,,,,,,,"        Interface name: unknown"
190,189,,3.4.1,host,URB_COMPLETE ('C'),,,""
,,,,,,,,"    Interface id: 0 (unknown)"
,,,,,,,,"        Interface name: unknown"
191,188,,3.4.2,host,URB_COMPLETE ('C'),,,"3003"
,,,,,,,,"0040  30 03                                             0."
,,,,,,,,"    Interface id: 0 (unknown)"
,,,,,,,,"        Interface name: unknown"
192,,195,host,3.4.2,URB_SUBMIT ('S'),,,""
,,,,,,,,"    Interface id: 0 (unknown)"
,,,,,,,,"        Interface name: unknown"
193,,194,host,3.4.1,URB_SUBMIT ('S'),,,"1b05"
,,,,,,,,"0040  1b 05                                             .."
,,,,,,,,"    Interface id: 0 (unknown)"
,,,,,,,,"        Interface name: unknown"
194,193,,3.4.1,host,URB_COMPLETE ('C'),,,""
,,,,,,,,"    Interface id: 0 (unknown)"
,,,,,,,,"        Interface name: unknown"
195,192,,3.4.2,host,URB_COMPLETE ('C'),,,"3003"
,,,,,,,,"0040  30 03                                             0."
,,,,,,,,"    Interface id: 0 (unknown)"
,,,,,,,,"        Interface name: unknown"
196,,199,host,3.4.2,URB_SUBMIT ('S'),,,""
,,,,,,,,"    Interface id: 0 (unknown)"
,,,,,,,,"        Interface name: unknown"
197,,198,host,3.4.1,URB_SUBMIT ('S'),,,"1b05"
,,,,,,,,"0040  1b 05                                             .."
,,,,,,,,"    Interface id: 0 (unknown)"
,,,,,,,,"        Interface name: unknown"
198,197,,3.4.1,host,URB_COMPLETE ('C'),,,""
,,,,,,,,"    Interface id: 0 (unknown)"
,,,,,,,,"        Interface name: unknown"
199,196,,3.4.2,host,URB_COMPLETE ('C'),,,"3003"
,,,,,,,,"0040  30 03                                             0."
,,,,,,,,"    Interface id: 0 (unknown)"
,,,,,,,,"        Interface name: unknown"
200,,203,host,3.4.2,URB_SUBMIT ('S'),,,""
,,,,,,,,"    Interface id: 0 (unknown)"
,,,,,,,,"        Interface name: unknown"
201,,202,host,3.4.1,URB_SUBMIT ('S'),,,"1b05"
,,,,,,,,"0040  1b 05                                             .."
,,,,,,,,"    Interface id: 0 (unknown)"
,,,,,,,,"        Interface name: unknown"
202,201,,3.4.1,host,URB_COMPLETE ('C'),,,""
,,,,,,,,"    Interface id: 0 (unknown)"
,,,,,,,,"        Interface name: unknown"
203,200,,3.4.2,host,URB_COMPLETE ('C'),,,"3003"
,,,,,,,,"0040  30 03                                             0."
,,,,,,,,"    Interface id: 0 (unknown)"
,,,,,,,,"        Interface name: unknown"
204,,207,host,3.4.2,URB_SUBMIT ('S'),,,""
,,,,,,,,"    Interface id: 0 (unknown)"
,,,,,,,,"        Interface name: unknown"
205,,206,host,3.4.1,URB_SUBMIT ('S'),,,"1b05"
,,,,,,,,"0040  1b 05                                             .."
,,,,,,,,"    Interface id: 0 (unknown)"
,,,,,,,,"        Interface name: unknown"
206,205,,3.4.1,host,URB_COMPLETE ('C'),,,""
,,,,,,,,"    Interface id: 0 (unknown)"
,,,,,,,,"        Interface name: unknown"
207,204,,3.4.2,host,URB_COMPLETE ('C'),,,"3003"
,,,,,,,,"0040  30 03                                             0."
,,,,,,,,"    Interface id: 0 (unknown)"
,,,,,,,,"        Interface name: unknown"
208,,211,host,3.4.2,URB_SUBMIT ('S'),,,""
,,,,,,,,"    Interface id: 0 (unknown)"
,,,,,,,,"        Interface name: unknown"
209,,210,host,3.4.1,URB_SUBMIT ('S'),,,"1b05"
,,,,,,,,"0040  1b 05                                             .."
,,,,,,,,"    Interface id: 0 (unknown)"
,,,,,,,,"        Interface name: unknown"
210,209,,3.4.1,host,URB_COMPLETE ('C'),,,""
,,,,,,,,"    Interface id: 0 (unknown)"
,,,,,,,,"        Interface name: unknown"
211,208,,3.4.2,host,URB_COMPLETE ('C'),,,"3003"
,,,,,,,,"0040  30 03                                             0."
,,,,,,,,"    Interface id: 0 (unknown)"
,,,,,,,,"        Interface name: unknown"
212,,215,host,3.4.2,URB_SUBMIT ('S'),,,""
,,,,,,,,"    Interface id: 0 (unknown)"
,,,,,,,,"        Interface name: unknown"
213,,214,host,3.4.1,URB_SUBMIT ('S'),,,"1b05"
,,,,,,,,"0040  1b 05                                             .."
,,,,,,,,"    Interface id: 0 (unknown)"
,,,,,,,,"        Interface name: unknown"
214,213,,3.4.1,host,URB_COMPLETE ('C'),,,""
,,,,,,,,"    Interface id: 0 (unknown)"
,,,,,,,,"        Interface name: unknown"
215,212,,3.4.2,host,URB_COMPLETE ('C'),,,"3003"
,,,,,,,,"0040  30 03                                             0."
,,,,,,,,"    Interface id: 0 (unknown)"
,,,,,,,,"        Interface name: unknown"
216,,219,host,3.4.2,URB_SUBMIT ('S'),,,""
,,,,,,,,"    Interface id: 0 (unknown)"
,,,,,,,,"        Interface name: unknown"
217,,218,host,3.4.1,URB_SUBMIT ('S'),,,"1b05"
,,,,,,,,"0040  1b 05                                             .."
,,,,,,,,"    Interface id: 0 (unknown)"
,,,,,,,,"        Interface name: unknown"
218,217,,3.4.1,host,URB_COMPLETE ('C'),,,""
,,,,,,,,"    Interface id: 0 (unknown)"
,,,,,,,,"        Interface name: unknown"
219,216,,3.4.2,host,URB_COMPLETE ('C'),,,"3003"
,,,,,,,,"0040  30 03                                             0."
,,,,,,,,"    Interface id: 0 (unknown)"
,,,,,,,,"        Interface name: unknown"
220,,223,host,3.4.2,URB_SUBMIT ('S'),,,""
,,,,,,,,"    Interface id: 0 (unknown)"
,,,,,,,,"        Interface name: unknown"
221,,222,host,3.4.1,URB_SUBMIT ('S'),,,"1b05"
,,,,,,,,"0040  1b 05                                             .."
,,,,,,,,"    Interface id: 0 (unknown)"
,,,,,,,,"        Interface name: unknown"
222,221,,3.4.1,host,URB_COMPLETE ('C'),,,""
,,,,,,,,"    Interface id: 0 (unknown)"
,,,,,,,,"        Interface name: unknown"
223,220,,3.4.2,host,URB_COMPLETE ('C'),,,"3003"
,,,,,,,,"0040  30 03                                             0."
,,,,,,,,"    Interface id: 0 (unknown)"
,,,,,,,,"        Interface name: unknown"
224,,227,host,3.4.2,URB_SUBMIT ('S'),,,""
,,,,,,,,"    Interface id: 0 (unknown)"
,,,,,,,,"        Interface name: unknown"
225,,226,host,3.4.1,URB_SUBMIT ('S'),,,"1b05"
,,,,,,,,"0040  1b 05                                             .."
,,,,,,,,"    Interface id: 0 (unknown)"
,,,,,,,,"        Interface name: unknown"
226,225,,3.4.1,host,URB_COMPLETE ('C'),,,""
,,,,,,,,"    Interface id: 0 (unknown)"
,,,,,,,,"        Interface name: unknown"
227,224,,3.4.2,host,URB_COMPLETE ('C'),,,"3003"
,,,,,,,,"0040  30 03                                             0."
,,,,,,,,"    Interface id: 0 (unknown)"
,,,,,,,,"        Interface name: unknown"
228,,230,host,3.4.1,URB_SUBMIT ('S'),,,"54473103464e3003544235302c30035c33302c3330035a35..."
,,,,,,,,"0040  54 47 31 03 46 4e 30 03 54 42 35 30 2c 30 03 5c   TG1.FN0.TB50,0.\"
,,,,,,,,"0050  33 30 2c 33 30 03 5a 35 35 35 38 2c 34 32 38 38   30,30.Z5558,4288"
,,,,,,,,"0060  03 4a 31 03                                       .J1."
,,,,,,,,"    Interface id: 0 (unknown)"
,,,,,,,,"        Interface name: unknown"
229,,237,host,3.4.2,URB_SUBMIT ('S'),,,""
,,,,,,,,"    Interface id: 0 (unknown)"
,,,,,,,,"        Interface name: unknown"
230,228,,3.4.1,host,URB_COMPLETE ('C'),,,""
,,,,,,,,"    Interface id: 0 (unknown)"
,,,,,,,,"        Interface name: unknown"
231,,232,host,3.4.1,URB_SUBMIT ('S'),,,"2131302c3103465831382c31034643302c312c3103"
,,,,,,,,"0040  21 31 30 2c 31 03 46 58 31 38 2c 31 03 46 43 30   !10,1.FX18,1.FC0"
,,,,,,,,"0050  2c 31 2c 31 03                                    ,1,1."
,,,,,,,,"    Interface id: 0 (unknown)"
,,,,,,,,"        Interface name: unknown"
232,231,,3.4.1,host,URB_COMPLETE ('C'),,,""
,,,,,,,,"    Interface id: 0 (unknown)"
,,,,,,,,"        Interface name: unknown"
233,,234,host,3.4.1,URB_SUBMIT ('S'),,,"4645302c31034646302c302c3103"
,,,,,,,,"0040  46 45 30 2c 31 03 46 46 30 2c 30 2c 31 03         FE0,1.FF0,0,1."
,,,,,,,,"    Interface id: 0 (unknown)"
,,,,,,,,"        Interface name: unknown"
234,233,,3.4.1,host,URB_COMPLETE ('C'),,,""
,,,,,,,,"    Interface id: 0 (unknown)"
,,,,,,,,"        Interface name: unknown"
235,,236,host,3.4.1,URB_SUBMIT ('S'),,,"1b05"
,,,,,,,,"0040  1b 05                                             .."
,,,,,,,,"    Interface id: 0 (unknown)"
,,,,,,,,"        Interface name: unknown"
236,235,,3.4.1,host,URB_COMPLETE ('C'),,,""
,,,,,,,,"    Interface id: 0 (unknown)"
,,,,,,,,"        Interface name: unknown"
237,229,,3.4.2,host,URB_COMPLETE ('C'),,,"3003"
,,,,,,,,"0040  30 03                                             0."
,,,,,,,,"    Interface id: 0 (unknown)"
,,,,,,,,"        Interface name: unknown"
238,,239,host,3.4.1,URB_SUBMIT ('S'),,,"1b05"
,,,,,,,,"0040  1b 05                                             .."
,,,,,,,,"    Interface id: 0 (unknown)"
,,,,,,,,"        Interface name: unknown"
239,238,,3.4.1,host,URB_COMPLETE ('C'),,,""
,,,,,,,,"    Interface id: 0 (unknown)"
,,,,,,,,"        Interface name: unknown"
240,,241,host,3.4.2,URB_SUBMIT ('S'),,,""
,,,,,,,,"    Interface id: 0 (unknown)"
,,,,,,,,"        Interface name: unknown"
241,240,,3.4.2,host,URB_COMPLETE ('C'),,,"3003"
,,,,,,,,"0040  30 03                                             0."
,,,,,,,,"    Interface id: 0 (unknown)"
,,,,,,,,"        Interface name: unknown"
242,,243,host,3.4.1,URB_SUBMIT ('S'),,,"4d3736322c37363203"
,,,,,,,,"0040  4d 37 36 32 2c 37 36 32 03                        M762,762."
,,,,,,,,"    Interface id: 0 (unknown)"
,,,,,,,,"        Interface name: unknown"
243,242,,3.4.1,host,URB_COMPLETE ('C'),,,""
,,,,,,,,"    Interface id: 0 (unknown)"
,,,,,,,,"        Interface name: unknown"
244,,251,host,3.4.2,URB_SUBMIT ('S'),,,""
,,,,,,,,"    Interface id: 0 (unknown)"
,,,,,,,,"        Interface name: unknown"
245,,246,host,3.4.1,URB_SUBMIT ('S'),,,"424532e821908cf1b170fd8fcc2d6e03"
,,,,,,,,"0040  42 45 32 e8 21 90 8c f1 b1 70 fd 8f cc 2d 6e 03   BE2.!....p...-n."
,,,,,,,,"    Interface id: 0 (unknown)"
,,,,,,,,"        Interface name: unknown"
246,245,,3.4.1,host,URB_COMPLETE ('C'),,,""
,,,,,,,,"    Interface id: 0 (unknown)"
,,,,,,,,"        Interface name: unknown"
247,,248,host,3.4.1,URB_SUBMIT ('S'),,,"424531909003"
,,,,,,,,"0040  42 45 31 90 90 03                                 BE1..."
,,,,,,,,"    Interface id: 0 (unknown)"
,,,,,,,,"        Interface name: unknown"
248,247,,3.4.1,host,URB_COMPLETE ('C'),,,""
,,,,,,,,"    Interface id: 0 (unknown)"
,,,,,,,,"        Interface name: unknown"
249,,250,host,3.4.1,URB_SUBMIT ('S'),,,"1b05"
,,,,,,,,"0040  1b 05                                             .."
,,,,,,,,"    Interface id: 0 (unknown)"
,,,,,,,,"        Interface name: unknown"
250,249,,3.4.1,host,URB_COMPLETE ('C'),,,""
,,,,,,,,"    Interface id: 0 (unknown)"
,,,,,,,,"        Interface name: unknown"
251,244,,3.4.2,host,URB_COMPLETE ('C'),,,"3103"
,,,,,,,,"0040  31 03                                             1."
,,,,,,,,"    Interface id: 0 (unknown)"
,,,,,,,,"        Interface name: unknown"
252,,253,host,3.4.1,URB_SUBMIT ('S'),,,"1b05"
,,,,,,,,"0040  1b 05                                             .."
,,,,,,,,"    Interface id: 0 (unknown)"
,,,,,,,,"        Interface name: unknown"
253,252,,3.4.1,host,URB_COMPLETE ('C'),,,""
,,,,,,,,"    Interface id: 0 (unknown)"
,,,,,,,,"        Interface name: unknown"
254,,255,host,3.4.2,URB_SUBMIT ('S'),,,""
,,,,,,,,"    Interface id: 0 (unknown)"
,,,,,,,,"        Interface name: unknown"
255,254,,3.4.2,host,URB_COMPLETE ('C'),,,"3103"
,,,,,,,,"0040  31 03                                             1."
,,,,,,,,"    Interface id: 0 (unknown)"
,,,,,,,,"        Interface name: unknown"
256,,258,host,3.4.1,URB_SUBMIT ('S'),,,"1b05"
,,,,,,,,"0040  1b 05                                             .."
,,,,,,,,"    Interface id: 0 (unknown)"
,,,,,,,,"        Interface name: unknown"
257,,259,host,3.4.2,URB_SUBMIT ('S'),,,""
,,,,,,,,"    Interface id: 0 (unknown)"
,,,,,,,,"        Interface name: unknown"
258,256,,3.4.1,host,URB_COMPLETE ('C'),,,""
,,,,,,,,"    Interface id: 0 (unknown)"
,,,,,,,,"        Interface name: unknown"
259,257,,3.4.2,host,URB_COMPLETE ('C'),,,"3103"
,,,,,,,,"0040  31 03                                             1."
,,,,,,,,"    Interface id: 0 (unknown)"
,,,,,,,,"        Interface name: unknown"
260,,263,host,3.4.2,URB_SUBMIT ('S'),,,""
,,,,,,,,"    Interface id: 0 (unknown)"
,,,,,,,,"        Interface name: unknown"
261,,262,host,3.4.1,URB_SUBMIT ('S'),,,"1b05"
,,,,,,,,"0040  1b 05                                             .."
,,,,,,,,"    Interface id: 0 (unknown)"
,,,,,,,,"        Interface name: unknown"
262,261,,3.4.1,host,URB_COMPLETE ('C'),,,""
,,,,,,,,"    Interface id: 0 (unknown)"
,,,,,,,,"        Interface name: unknown"
263,260,,3.4.2,host,URB_COMPLETE ('C'),,,"3103"
,,,,,,,,"0040  31 03                                             1."
,,,,,,,,"    Interface id: 0 (unknown)"
,,,,,,,,"        Interface name: unknown"
264,,267,host,3.4.2,URB_SUBMIT ('S'),,,""
,,,,,,,,"    Interface id: 0 (unknown)"
,,,,,,,,"        Interface name: unknown"
265,,266,host,3.4.1,URB_SUBMIT ('S'),,,"1b05"
,,,,,,,,"0040  1b 05                                             .."
,,,,,,,,"    Interface id: 0 (unknown)"
,,,,,,,,"        Interface name: unknown"
266,265,,3.4.1,host,URB_COMPLETE ('C'),,,""
,,,,,,,,"    Interface id: 0 (unknown)"
,,,,,,,,"        Interface name: unknown"
267,264,,3.4.2,host,URB_COMPLETE ('C'),,,"3003"
,,,,,,,,"0040  30 03                                             0."
,,,,,,,,"    Interface id: 0 (unknown)"
,,,,,,,,"        Interface name: unknown"
268,,270,host,3.4.1,URB_SUBMIT ('S'),,,"1b05"
,,,,,,,,"0040  1b 05                                             .."
,,,,,,,,"    Interface id: 0 (unknown)"
,,,,,,,,"        Interface name: unknown"
269,,271,host,3.4.2,URB_SUBMIT ('S'),,,""
,,,,,,,,"    Interface id: 0 (unknown)"
,,,,,,,,"        Interface name: unknown"
270,268,,3.4.1,host,URB_COMPLETE ('C'),,,""
,,,,,,,,"    Interface id: 0 (unknown)"
,,,,,,,,"        Interface name: unknown"
271,269,,3.4.2,host,URB_COMPLETE ('C'),,,"3003"
,,,,,,,,"0040  30 03                                             0."
,,,,,,,,"    Interface id: 0 (unknown)"
,,,,,,,,"        Interface name: unknown"
272,,274,host,3.4.1,URB_SUBMIT ('S'),,,"1b05"
,,,,,,,,"0040  1b 05                                             .."
,,,,,,,,"    Interface id: 0 (unknown)"
,,,,,,,,"        Interface name: unknown"
273,,275,host,3.4.2,URB_SUBMIT ('S'),,,""
,,,,,,,,"    Interface id: 0 (unknown)"
,,,,,,,,"        Interface name: unknown"
274,272,,3.4.1,host,URB_COMPLETE ('C'),,,""
,,,,,,,,"    Interface id: 0 (unknown)"
,,,,,,,,"        Interface name: unknown"
275,273,,3.4.2,host,URB_COMPLETE ('C'),,,"3003"
,,,,,,,,"0040  30 03                                             0."
,,,,,,,,"    Interface id: 0 (unknown)"
,,,,,,,,"        Interface name: unknown"
276,,277,host,3.4.1,URB_SUBMIT ('S'),,,"4c30034a3203"
,,,,,,,,"0040  4c 30 03 4a 32 03                                 L0.J2."
,,,,,,,,"    Interface id: 0 (unknown)"
,,,,,,,,"        Interface name: unknown"
277,276,,3.4.1,host,URB_COMPLETE ('C'),,,""
,,,,,,,,"    Interface id: 0 (unknown)"
,,,,,,,,"        Interface name: unknown"
278,,283,host,3.4.2,URB_SUBMIT ('S'),,,""
,,,,,,,,"    Interface id: 0 (unknown)"
,,,,,,,,"        Interface name: unknown"
279,,280,host,3.4.1,URB_SUBMIT ('S'),,,"2131302c3203465831382c32034643302c312c3203464530..."
,,,,,,,,"0040  21 31 30 2c 32 03 46 58 31 38 2c 32 03 46 43 30   !10,2.FX18,2.FC0"
,,,,,,,,"0050  2c 31 2c 32 03 46 45 30 2c 32 03 46 46 30 2c 30   ,1,2.FE0,2.FF0,0"
,,,,,,,,"0060  2c 32 03                                          ,2."
,,,,,,,,"    Interface id: 0 (unknown)"
,,,,,,,,"        Interface name: unknown"
280,279,,3.4.1,host,URB_COMPLETE ('C'),,,""
,,,,,,,,"    Interface id: 0 (unknown)"
,,,,,,,,"        Interface name: unknown"
281,,282,host,3.4.1,URB_SUBMIT ('S'),,,"1b05"
,,,,,,,,"0040  1b 05                                             .."
,,,,,,,,"    Interface id: 0 (unknown)"
,,,,,,,,"        Interface name: unknown"
282,281,,3.4.1,host,URB_COMPLETE ('C'),,,""
,,,,,,,,"    Interface id: 0 (unknown)"
,,,,,,,,"        Interface name: unknown"
283,278,,3.4.2,host,URB_COMPLETE ('C'),,,"3103"
,,,,,,,,"0040  31 03                                             1."
,,,,,,,,"    Interface id: 0 (unknown)"
,,,,,,,,"        Interface name: unknown"
284,,285,host,3.4.1,URB_SUBMIT ('S'),,,"1b05"
,,,,,,,,"0040  1b 05                                             .."
,,,,,,,,"    Interface id: 0 (unknown)"
,,,,,,,,"        Interface name: unknown"
285,284,,3.4.1,host,URB_COMPLETE ('C'),,,""
,,,,,,,,"    Interface id: 0 (unknown)"
,,,,,,,,"        Interface name: unknown"
286,,287,host,3.4.2,URB_SUBMIT ('S'),,,""
,,,,,,,,"    Interface id: 0 (unknown)"
,,,,,,,,"        Interface name: unknown"
287,286,,3.4.2,host,URB_COMPLETE ('C'),,,"3103"
,,,,,,,,"0040  31 03                                             1."
,,,,,,,,"    Interface id: 0 (unknown)"
,,,,,,,,"        Interface name: unknown"
288,,290,host,3.4.1,URB_SUBMIT ('S'),,,"1b05"
,,,,,,,,"0040  1b 05                                             .."
,,,,,,,,"    Interface id: 0 (unknown)"
,,,,,,,,"        Interface name: unknown"
289,,291,host,3.4.2,URB_SUBMIT ('S'),,,""
,,,,,,,,"    Interface id: 0 (unknown)"
,,,,,,,,"        Interface name: unknown"
290,288,,3.4.1,host,URB_COMPLETE ('C'),,,""
,,,,,,,,"    Interface id: 0 (unknown)"
,,,,,,,,"        Interface name: unknown"
291,289,,3.4.2,host,URB_COMPLETE ('C'),,,"3003"
,,,,,,,,"0040  30 03                                             0."
,,,,,,,,"    Interface id: 0 (unknown)"
,,,,,,,,"        Interface name: unknown"
292,,294,host,3.4.1,URB_SUBMIT ('S'),,,"4d3736322c3137373803"
,,,,,,,,"0040  4d 37 36 32 2c 31 37 37 38 03                     M762,1778."
,,,,,,,,"    Interface id: 0 (unknown)"
,,,,,,,,"        Interface name: unknown"
293,,301,host,3.4.2,URB_SUBMIT ('S'),,,""
,,,,,,,,"    Interface id: 0 (unknown)"
,,,,,,,,"        Interface name: unknown"
294,292,,3.4.1,host,URB_COMPLETE ('C'),,,""
,,,,,,,,"    Interface id: 0 (unknown)"
,,,,,,,,"        Interface name: unknown"
295,,296,host,3.4.1,URB_SUBMIT ('S'),,,"424532e821908cf1b170fd8fcc2d6e03"
,,,,,,,,"0040  42 45 32 e8 21 90 8c f1 b1 70 fd 8f cc 2d 6e 03   BE2.!....p...-n."
,,,,,,,,"    Interface id: 0 (unknown)"
,,,,,,,,"        Interface name: unknown"
296,295,,3.4.1,host,URB_COMPLETE ('C'),,,""
,,,,,,,,"    Interface id: 0 (unknown)"
,,,,,,,,"        Interface name: unknown"
297,,298,host,3.4.1,URB_SUBMIT ('S'),,,"424531909003"
,,,,,,,,"0040  42 45 31 90 90 03                                 BE1..."
,,,,,,,,"    Interface id: 0 (unknown)"
,,,,,,,,"        Interface name: unknown"
298,297,,3.4.1,host,URB_COMPLETE ('C'),,,""
,,,,,,,,"    Interface id: 0 (unknown)"
,,,,,,,,"        Interface name: unknown"
299,,300,host,3.4.1,URB_SUBMIT ('S'),,,"1b05"
,,,,,,,,"0040  1b 05                                             .."
,,,,,,,,"    Interface id: 0 (unknown)"
,,,,,,,,"        Interface name: unknown"
300,299,,3.4.1,host,URB_COMPLETE ('C'),,,""
,,,,,,,,"    Interface id: 0 (unknown)"
,,,,,,,,"        Interface name: unknown"
301,293,,3.4.2,host,URB_COMPLETE ('C'),,,"3103"
,,,,,,,,"0040  31 03                                             1."
,,,,,,,,"    Interface id: 0 (unknown)"
,,,,,,,,"        Interface name: unknown"
302,,303,host,3.4.1,URB_SUBMIT ('S'),,,"1b05"
,,,,,,,,"0040  1b 05                                             .."
,,,,,,,,"    Interface id: 0 (unknown)"
,,,,,,,,"        Interface name: unknown"
303,302,,3.4.1,host,URB_COMPLETE ('C'),,,""
,,,,,,,,"    Interface id: 0 (unknown)"
,,,,,,,,"        Interface name: unknown"
304,,305,host,3.4.2,URB_SUBMIT ('S'),,,""
,,,,,,,,"    Interface id: 0 (unknown)"
,,,,,,,,"        Interface name: unknown"
305,304,,3.4.2,host,URB_COMPLETE ('C'),,,"3103"
,,,,,,,,"0040  31 03                                             1."
,,,,,,,,"    Interface id: 0 (unknown)"
,,,,,,,,"        Interface name: unknown"
306,,308,host,3.4.1,URB_SUBMIT ('S'),,,"1b05"
,,,,,,,,"0040  1b 05                                             .."
,,,,,,,,"    Interface id: 0 (unknown)"
,,,,,,,,"        Interface name: unknown"
307,,309,host,3.4.2,URB_SUBMIT ('S'),,,""
,,,,,,,,"    Interface id: 0 (unknown)"
,,,,,,,,"        Interface name: unknown"
308,306,,3.4.1,host,URB_COMPLETE ('C'),,,""
,,,,,,,,"    Interface id: 0 (unknown)"
,,,,,,,,"        Interface name: unknown"
309,307,,3.4.2,host,URB_COMPLETE ('C'),,,"3103"
,,,,,,,,"0040  31 03                                             1."
,,,,,,,,"    Interface id: 0 (unknown)"
,,,,,,,,"        Interface name: unknown"
310,,313,host,3.4.2,URB_SUBMIT ('S'),,,""
,,,,,,,,"    Interface id: 0 (unknown)"
,,,,,,,,"        Interface name: unknown"
311,,312,host,3.4.1,URB_SUBMIT ('S'),,,"1b05"
,,,,,,,,"0040  1b 05                                             .."
,,,,,,,,"    Interface id: 0 (unknown)"
,,,,,,,,"        Interface name: unknown"
312,311,,3.4.1,host,URB_COMPLETE ('C'),,,""
,,,,,,,,"    Interface id: 0 (unknown)"
,,,,,,,,"        Interface name: unknown"
313,310,,3.4.2,host,URB_COMPLETE ('C'),,,"3103"
,,,,,,,,"0040  31 03                                             1."
,,,,,,,,"    Interface id: 0 (unknown)"
,,,,,,,,"        Interface name: unknown"
314,,317,host,3.4.2,URB_SUBMIT ('S'),,,""
,,,,,,,,"    Interface id: 0 (unknown)"
,,,,,,,,"        Interface name: unknown"
315,,316,host,3.4.1,URB_SUBMIT ('S'),,,"1b05"
,,,,,,,,"0040  1b 05                                             .."
,,,,,,,,"    Interface id: 0 (unknown)"
,,,,,,,,"        Interface name: unknown"
316,315,,3.4.1,host,URB_COMPLETE ('C'),,,""
,,,,,,,,"    Interface id: 0 (unknown)"
,,,,,,,,"        Interface name: unknown"
317,314,,3.4.2,host,URB_COMPLETE ('C'),,,"3003"
,,,,,,,,"0040  30 03                                             0."
,,,,,,,,"    Interface id: 0 (unknown)"
,,,,,,,,"        Interface name: unknown"
318,,320,host,3.4.1,URB_SUBMIT ('S'),,,"1b05"
,,,,,,,,"0040  1b 05                                             .."
,,,,,,,,"    Interface id: 0 (unknown)"
,,,,,,,,"        Interface name: unknown"
319,,321,host,3.4.2,URB_SUBMIT ('S'),,,""
,,,,,,,,"    Interface id: 0 (unknown)"
,,,,,,,,"        Interface name: unknown"
320,318,,3.4.1,host,URB_COMPLETE ('C'),,,""
,,,,,,,,"    Interface id: 0 (unknown)"
,,,,,,,,"        Interface name: unknown"
321,319,,3.4.2,host,URB_COMPLETE ('C'),,,"3003"
,,,,,,,,"0040  30 03                                             0."
,,,,,,,,"    Interface id: 0 (unknown)"
,,,,,,,,"        Interface name: unknown"
322,,324,host,3.4.1,URB_SUBMIT ('S'),,,"1b05"
,,,,,,,,"0040  1b 05                                             .."
,,,,,,,,"    Interface id: 0 (unknown)"
,,,,,,,,"        Interface name: unknown"
323,,325,host,3.4.2,URB_SUBMIT ('S'),,,""
,,,,,,,,"    Interface id: 0 (unknown)"
,,,,,,,,"        Interface name: unknown"
324,322,,3.4.1,host,URB_COMPLETE ('C'),,,""
,,,,,,,,"    Interface id: 0 (unknown)"
,,,,,,,,"        Interface name: unknown"
325,323,,3.4.2,host,URB_COMPLETE ('C'),,,"3003"
,,,,,,,,"0040  30 03                                             0."
,,,,,,,,"    Interface id: 0 (unknown)"
,,,,,,,,"        Interface name: unknown"
326,,327,host,3.4.1,URB_SUBMIT ('S'),,,"4c30035c302c30034d302c30034a3003464e300354423530..."
,,,,,,,,"0040  4c 30 03 5c 30 2c 30 03 4d 30 2c 30 03 4a 30 03   L0.\0,0.M0,0.J0."
,,,,,,,,"0050  46 4e 30 03 54 42 35 30 2c 30 03                  FN0.TB50,0."
,,,,,,,,"    Interface id: 0 (unknown)"
,,,,,,,,"        Interface name: unknown"
327,326,,3.4.1,host,URB_COMPLETE ('C'),,,""
,,,,,,,,"    Interface id: 0 (unknown)"
,,,,,,,,"        Interface name: unknown"
328,,331,host,3.4.2,URB_SUBMIT ('S'),,,""
,,,,,,,,"    Interface id: 0 (unknown)"
,,,,,,,,"        Interface name: unknown"
329,,330,host,3.4.1,URB_SUBMIT ('S'),,,"1b05"
,,,,,,,,"0040  1b 05                                             .."
,,,,,,,,"    Interface id: 0 (unknown)"
,,,,,,,,"        Interface name: unknown"
330,329,,3.4.1,host,URB_COMPLETE ('C'),,,""
,,,,,,,,"    Interface id: 0 (unknown)"
,,,,,,,,"        Interface name: unknown"
331,328,,3.4.2,host,URB_COMPLETE ('C'),,,"3103"
,,,,,,,,"0040  31 03                                             1."
,,,,,,,,"    Interface id: 0 (unknown)"
,,,,,,,,"        Interface name: unknown"
332,,335,host,3.4.2,URB_SUBMIT ('S'),,,""
,,,,,,,,"    Interface id: 0 (unknown)"
,,,,,,,,"        Interface name: unknown"
333,,334,host,3.4.1,URB_SUBMIT ('S'),,,"1b05"
,,,,,,,,"0040  1b 05                                             .."
,,,,,,,,"    Interface id: 0 (unknown)"
,,,,,,,,"        Interface name: unknown"
334,333,,3.4.1,host,URB_COMPLETE ('C'),,,""
,,,,,,,,"    Interface id: 0 (unknown)"
,,,,,,,,"        Interface name: unknown"
335,332,,3.4.2,host,URB_COMPLETE ('C'),,,"3103"
,,,,,,,,"0040  31 03                                             1."
,,,,,,,,"    Interface id: 0 (unknown)"
,,,,,,,,"        Interface name: unknown"
336,,339,host,3.4.2,URB_SUBMIT ('S'),,,""
,,,,,,,,"    Interface id: 0 (unknown)"
,,,,,,,,"        Interface name: unknown"
337,,338,host,3.4.1,URB_SUBMIT ('S'),,,"1b05"
,,,,,,,,"0040  1b 05                                             .."
,,,,,,,,"    Interface id: 0 (unknown)"
,,,,,,,,"        Interface name: unknown"
338,337,,3.4.1,host,URB_COMPLETE ('C'),,,""
,,,,,,,,"    Interface id: 0 (unknown)"
,,,,,,,,"        Interface name: unknown"
339,336,,3.4.2,host,URB_COMPLETE ('C'),,,"3103"
,,,,,,,,"0040  31 03                                             1."
,,,,,,,,"    Interface id: 0 (unknown)"
,,,,,,,,"        Interface name: unknown"
340,,343,host,3.4.2,URB_SUBMIT ('S'),,,""
,,,,,,,,"    Interface id: 0 (unknown)"
,,,,,,,,"        Interface name: unknown"
341,,342,host,3.4.1,URB_SUBMIT ('S'),,,"1b05"
,,,,,,,,"0040  1b 05                                             .."
,,,,,,,,"    Interface id: 0 (unknown)"
,,,,,,,,"        Interface name: unknown"
342,341,,3.4.1,host,URB_COMPLETE ('C'),,,""
,,,,,,,,"    Interface id: 0 (unknown)"
,,,,,,,,"        Interface name: unknown"
343,340,,3.4.2,host,URB_COMPLETE ('C'),,,"3003"
,,,,,,,,"0040  30 03                                             0."
,,,,,,,,"    Interface id: 0 (unknown)"
,,,,,,,,"        Interface name: unknown"
344,,347,host,3.4.2,URB_SUBMIT ('S'),,,""
,,,,,,,,"    Interface id: 0 (unknown)"
,,,,,,,,"        Interface name: unknown"
345,,346,host,3.4.1,URB_SUBMIT ('S'),,,"1b05"
,,,,,,,,"0040  1b 05                                             .."
,,,,,,,,"    Interface id: 0 (unknown)"
,,,,,,,,"        Interface name: unknown"
346,345,,3.4.1,host,URB_COMPLETE ('C'),,,""
,,,,,,,,"    Interface id: 0 (unknown)"
,,,,,,,,"        Interface name: unknown"
347,344,,3.4.2,host,URB_COMPLETE ('C'),,,"3003"
,,,,,,,,"0040  30 03                                             0."
,,,,,,,,"    Interface id: 0 (unknown)"
,,,,,,,,"        Interface name: unknown"
348,,351,host,3.4.2,URB_SUBMIT ('S'),,,""
,,,,,,,,"    Interface id: 0 (unknown)"
,,,,,,,,"        Interface name: unknown"
349,,350,host,3.4.1,URB_SUBMIT ('S'),,,"1b05"
,,,,,,,,"0040  1b 05                                             .."
,,,,,,,,"    Interface id: 0 (unknown)"
,,,,,,,,"        Interface name: unknown"
350,349,,3.4.1,host,URB_COMPLETE ('C'),,,""
,,,,,,,,"    Interface id: 0 (unknown)"
,,,,,,,,"        Interface name: unknown"
351,348,,3.4.2,host,URB_COMPLETE ('C'),,,"3003"
,,,,,,,,"0040  30 03                                             0."
,,,,,,,,"    Interface id: 0 (unknown)"
,,,,,,,,"        Interface name: unknown"
352,,355,host,3.4.2,URB_SUBMIT ('S'),,,""
,,,,,,,,"    Interface id: 0 (unknown)"
,,,,,,,,"        Interface name: unknown"
353,,354,host,3.4.1,URB_SUBMIT ('S'),,,"1b05"
,,,,,,,,"0040  1b 05                                             .."
,,,,,,,,"    Interface id: 0 (unknown)"
,,,,,,,,"        Interface name: unknown"
354,353,,3.4.1,host,URB_COMPLETE ('C'),,,""
,,,,,,,,"    Interface id: 0 (unknown)"
,,,,,,,,"        Interface name: unknown"
355,352,,3.4.2,host,URB_COMPLETE ('C'),,,"3003"
,,,,,,,,"0040  30 03                                             0."
,,,,,,,,"    Interface id: 0 (unknown)"
,,,,,,,,"        Interface name: unknown"
356,,359,host,3.4.2,URB_SUBMIT ('S'),,,""
,,,,,,,,"    Interface id: 0 (unknown)"
,,,,,,,,"        Interface name: unknown"
357,,358,host,3.4.1,URB_SUBMIT ('S'),,,"1b05"
,,,,,,,,"0040  1b 05                                             .."
,,,,,,,,"    Interface id: 0 (unknown)"
,,,,,,,,"        Interface name: unknown"
358,357,,3.4.1,host,URB_COMPLETE ('C'),,,""
,,,,,,,,"    Interface id: 0 (unknown)"
,,,,,,,,"        Interface name: unknown"
359,356,,3.4.2,host,URB_COMPLETE ('C'),,,"3003"
,,,,,,,,"0040  30 03                                             0."
,,,,,,,,"    Interface id: 0 (unknown)"
,,,,,,,,"        Interface name: unknown"
360,,363,host,3.4.2,URB_SUBMIT ('S'),,,""
,,,,,,,,"    Interface id: 0 (unknown)"
,,,,,,,,"        Interface name: unknown"
361,,362,host,3.4.1,URB_SUBMIT ('S'),,,"1b05"
,,,,,,,,"0040  1b 05                                             .."
,,,,,,,,"    Interface id: 0 (unknown)"
,,,,,,,,"        Interface name: unknown"
362,361,,3.4.1,host,URB_COMPLETE ('C'),,,""
,,,,,,,,"    Interface id: 0 (unknown)"
,,,,,,,,"        Interface name: unknown"
363,360,,3.4.2,host,URB_COMPLETE ('C'),,,"3003"
,,,,,,,,"0040  30 03                                             0."
,,,,,,,,"    Interface id: 0 (unknown)"
,,,,,,,,"        Interface name: unknown"
364,,367,host,3.4.2,URB_SUBMIT ('S'),,,""
,,,,,,,,"    Interface id: 0 (unknown)"
,,,,,,,,"        Interface name: unknown"
365,,366,host,3.4.1,URB_SUBMIT ('S'),,,"1b05"
,,,,,,,,"0040  1b 05                                             .."
,,,,,,,,"    Interface id: 0 (unknown)"
,,,,,,,,"        Interface name: unknown"
366,365,,3.4.1,host,URB_COMPLETE ('C'),,,""
,,,,,,,,"    Interface id: 0 (unknown)"
,,,,,,,,"        Interface name: unknown"
367,364,,3.4.2,host,URB_COMPLETE ('C'),,,"3003"
,,,,,,,,"0040  30 03                                             0."
,,,,,,,,"    Interface id: 0 (unknown)"
,,,,,,,,"        Interface name: unknown"
368,,371,host,3.4.2,URB_SUBMIT ('S'),,,""
,,,,,,,,"    Interface id: 0 (unknown)"
,,,,,,,,"        Interface name: unknown"
369,,370,host,3.4.1,URB_SUBMIT ('S'),,,"1b05"
,,,,,,,,"0040  1b 05                                             .."
,,,,,,,,"    Interface id: 0 (unknown)"
,,,,,,,,"        Interface name: unknown"
370,369,,3.4.1,host,URB_COMPLETE ('C'),,,""
,,,,,,,,"    Interface id: 0 (unknown)"
,,,,,,,,"        Interface name: unknown"
371,368,,3.4.2,host,URB_COMPLETE ('C'),,,"3003"
,,,,,,,,"0040  30 03                                             0."
,,,,,,,,"    Interface id: 0 (unknown)"
,,,,,,,,"        Interface name: unknown"
372,,375,host,3.4.2,URB_SUBMIT ('S'),,,""
,,,,,,,,"    Interface id: 0 (unknown)"
,,,,,,,,"        Interface name: unknown"
373,,374,host,3.4.1,URB_SUBMIT ('S'),,,"1b05"
,,,,,,,,"0040  1b 05                                             .."
,,,,,,,,"    Interface id: 0 (unknown)"
,,,,,,,,"        Interface name: unknown"
374,373,,3.4.1,host,URB_COMPLETE ('C'),,,""
,,,,,,,,"    Interface id: 0 (unknown)"
,,,,,,,,"        Interface name: unknown"
375,372,,3.4.2,host,URB_COMPLETE ('C'),,,"3003"
,,,,,,,,"0040  30 03                                             0."
,,,,,,,,"    Interface id: 0 (unknown)"
,,,,,,,,"        Interface name: unknown"
376,,379,host,3.4.2,URB_SUBMIT ('S'),,,""
,,,,,,,,"    Interface id: 0 (unknown)"
,,,,,,,,"        Interface name: unknown"
377,,378,host,3.4.1,URB_SUBMIT ('S'),,,"1b05"
,,,,,,,,"0040  1b 05                                             .."
,,,,,,,,"    Interface id: 0 (unknown)"
,,,,,,,,"        Interface name: unknown"
378,377,,3.4.1,host,URB_COMPLETE ('C'),,,""
,,,,,,,,"    Interface id: 0 (unknown)"
,,,,,,,,"        Interface name: unknown"
379,376,,3.4.2,host,URB_COMPLETE ('C'),,,"3003"
,,,,,,,,"0040  30 03                                             0."
,,,,,,,,"    Interface id: 0 (unknown)"
,,,,,,,,"        Interface name: unknown"
380,,383,host,3.4.2,URB_SUBMIT ('S'),,,""
,,,,,,,,"    Interface id: 0 (unknown)"
,,,,,,,,"        Interface name: unknown"
381,,382,host,3.4.1,URB_SUBMIT ('S'),,,"1b05"
,,,,,,,,"0040  1b 05                                             .."
,,,,,,,,"    Interface id: 0 (unknown)"
,,,,,,,,"        Interface name: unknown"
382,381,,3.4.1,host,URB_COMPLETE ('C'),,,""
,,,,,,,,"    Interface id: 0 (unknown)"
,,,,,,,,"        Interface name: unknown"
383,380,,3.4.2,host,URB_COMPLETE ('C'),,,"3003"
,,,,,,,,"0040  30 03                                             0."
,,,,,,,,"    Interface id: 0 (unknown)"
,,,,,,,,"        Interface name: unknown"
384,,387,host,3.4.2,URB_SUBMIT ('S'),,,""
,,,,,,,,"    Interface id: 0 (unknown)"
,,,,,,,,"        Interface name: unknown"
385,,386,host,3.4.1,URB_SUBMIT ('S'),,,"1b05"
,,,,,,,,"0040  1b 05                                             .."
,,,,,,,,"    Interface id: 0 (unknown)"
,,,,,,,,"        Interface name: unknown"
386,385,,3.4.1,host,URB_COMPLETE ('C'),,,""
,,,,,,,,"    Interface id: 0 (unknown)"
,,,,,,,,"        Interface name: unknown"
387,384,,3.4.2,host,URB_COMPLETE ('C'),,,"3003"
,,,,,,,,"0040  30 03                                             0."
,,,,,,,,"    Interface id: 0 (unknown)"
,,,,,,,,"        Interface name: unknown"
388,,391,host,3.4.2,URB_SUBMIT ('S'),,,""
,,,,,,,,"    Interface id: 0 (unknown)"
,,,,,,,,"        Interface name: unknown"
389,,390,host,3.4.1,URB_SUBMIT ('S'),,,"1b05"
,,,,,,,,"0040  1b 05                                             .."
,,,,,,,,"    Interface id: 0 (unknown)"
,,,,,,,,"        Interface name: unknown"
390,389,,3.4.1,host,URB_COMPLETE ('C'),,,""
,,,,,,,,"    Interface id: 0 (unknown)"
,,,,,,,,"        Interface name: unknown"
391,388,,3.4.2,host,URB_COMPLETE ('C'),,,"3003"
,,,,,,,,"0040  30 03                                             0."
,,,,,,,,"    Interface id: 0 (unknown)"
,,,,,,,,"        Interface name: unknown"
392,,395,host,3.4.2,URB_SUBMIT ('S'),,,""
,,,,,,,,"    Interface id: 0 (unknown)"
,,,,,,,,"        Interface name: unknown"
393,,394,host,3.4.1,URB_SUBMIT ('S'),,,"1b05"
,,,,,,,,"0040  1b 05                                             .."
,,,,,,,,"    Interface id: 0 (unknown)"
,,,,,,,,"        Interface name: unknown"
394,393,,3.4.1,host,URB_COMPLETE ('C'),,,""
,,,,,,,,"    Interface id: 0 (unknown)"
,,,,,,,,"        Interface name: unknown"
395,392,,3.4.2,host,URB_COMPLETE ('C'),,,"3003"
,,,,,,,,"0040  30 03                                             0."
,,,,,,,,"    Interface id: 0 (unknown)"
,,,,,,,,"        Interface name: unknown"
396,,399,host,3.4.2,URB_SUBMIT ('S'),,,""
,,,,,,,,"    Interface id: 0 (unknown)"
,,,,,,,,"        Interface name: unknown"
397,,398,host,3.4.1,URB_SUBMIT ('S'),,,"1b05"
,,,,,,,,"0040  1b 05                                             .."
,,,,,,,,"    Interface id: 0 (unknown)"
,,,,,,,,"        Interface name: unknown"
398,397,,3.4.1,host,URB_COMPLETE ('C'),,,""
,,,,,,,,"    Interface id: 0 (unknown)"
,,,,,,,,"        Interface name: unknown"
399,396,,3.4.2,host,URB_COMPLETE ('C'),,,"3003"
,,,,,,,,"0040  30 03                                             0."
,,,,,,,,"    Interface id: 0 (unknown)"
,,,,,,,,"        Interface name: unknown"
400,,403,host,3.4.2,URB_SUBMIT ('S'),,,""
,,,,,,,,"    Interface id: 0 (unknown)"
,,,,,,,,"        Interface name: unknown"
401,,402,host,3.4.1,URB_SUBMIT ('S'),,,"1b05"
,,,,,,,,"0040  1b 05                                             .."
,,,,,,,,"    Interface id: 0 (unknown)"
,,,,,,,,"        Interface name: unknown"
402,401,,3.4.1,host,URB_COMPLETE ('C'),,,""
,,,,,,,,"    Interface id: 0 (unknown)"
,,,,,,,,"        Interface name: unknown"
403,400,,3.4.2,host,URB_COMPLETE ('C'),,,"3003"
,,,,,,,,"0040  30 03                                             0."
,,,,,,,,"    Interface id: 0 (unknown)"
,,,,,,,,"        Interface name: unknown"
404,,407,host,3.4.2,URB_SUBMIT ('S'),,,""
,,,,,,,,"    Interface id: 0 (unknown)"
,,,,,,,,"        Interface name: unknown"
405,,406,host,3.4.1,URB_SUBMIT ('S'),,,"1b05"
,,,,,,,,"0040  1b 05                                             .."
,,,,,,,,"    Interface id: 0 (unknown)"
,,,,,,,,"        Interface name: unknown"
406,405,,3.4.1,host,URB_COMPLETE ('C'),,,""
,,,,,,,,"    Interface id: 0 (unknown)"
,,,,,,,,"        Interface name: unknown"
407,404,,3.4.2,host,URB_COMPLETE ('C'),,,"3003"
,,,,,,,,"0040  30 03                                             0."
,,,,,,,,"    Interface id: 0 (unknown)"
,,,,,,,,"        Interface name: unknown"
408,,411,host,3.4.2,URB_SUBMIT ('S'),,,""
,,,,,,,,"    Interface id: 0 (unknown)"
,,,,,,,,"        Interface name: unknown"
409,,410,host,3.4.1,URB_SUBMIT ('S'),,,"1b05"
,,,,,,,,"0040  1b 05                                             .."
,,,,,,,,"    Interface id: 0 (unknown)"
,,,,,,,,"        Interface name: unknown"
410,409,,3.4.1,host,URB_COMPLETE ('C'),,,""
,,,,,,,,"    Interface id: 0 (unknown)"
,,,,,,,,"        Interface name: unknown"
411,408,,3.4.2,host,URB_COMPLETE ('C'),,,"3003"
,,,,,,,,"0040  30 03                                             0."
,,,,,,,,"    Interface id: 0 (unknown)"
,,,,,,,,"        Interface name: unknown"
412,,,host,3.4.2,URB_SUBMIT ('S'),,,""
